,time,open,high,low,close,tick_volume,spread,real_volume,diff
0,1708603200,1.08529,1.08588,1.08211,1.08231,14544,0,0,-0.0029799999999999827
1,1708617600,1.0823,1.08246,1.08027,1.08201,20127,0,0,-0.0002900000000001235
2,1708632000,1.08201,1.08261,1.08144,1.08227,7703,0,0,0.000260000000000149
3,1708646400,1.08195,1.0832,1.08149,1.0827,4582,0,0,0.0007500000000000284
4,1708660800,1.0827,1.08305,1.08212,1.08228,3169,0,0,-0.00042000000000008697
5,1708675200,1.08228,1.08325,1.08141,1.08174,10051,0,0,-0.0005399999999999849
6,1708689600,1.08174,1.08394,1.08172,1.08319,12067,0,0,0.0014500000000001734
7,1708704000,1.08318,1.08368,1.08119,1.0824799999999999,15279,0,0,-0.000700000000000145
8,1708718400,1.0824799999999999,1.08295,1.08177,1.08205,8138,0,0,-0.00042999999999993044
9,1708905600,1.08281,1.08284,1.08127,1.08163,3601,0,0,-0.0011799999999999589
10,1708920000,1.08163,1.08241,1.08142,1.08231,3271,0,0,0.0006800000000000139
11,1708934400,1.08231,1.08404,1.0822,1.08399,8269,0,0,0.0016799999999999038
12,1708948800,1.08399,1.08597,1.08385,1.0858,8863,0,0,0.0018100000000000893
13,1708963200,1.0858,1.08587,1.08386,1.08453,12470,0,0,-0.0012700000000001044
14,1708977600,1.08453,1.08528,1.08397,1.08513,6656,0,0,0.0005999999999999339
15,1708992000,1.08462,1.08514,1.08449,1.085,2886,0,0,0.00038000000000004697
16,1709006400,1.085,1.08554,1.08483,1.08519,3033,0,0,0.0001900000000001345
17,1709020800,1.0852,1.08659,1.08471,1.08528,8926,0,0,8.000000000008001e-05
18,1709035200,1.08529,1.08631,1.08419,1.0848,10077,0,0,-0.0004900000000001015
19,1709049600,1.0848,1.08578,1.0833,1.08508,14302,0,0,0.000280000000000058
20,1709064000,1.08508,1.08567,1.08409,1.08447,7574,0,0,-0.0006099999999999994
21,1709078400,1.08408,1.08456,1.08379,1.08394,3690,0,0,-0.000140000000000029
22,1709092800,1.08394,1.08402,1.08254,1.08266,3903,0,0,-0.0012799999999999478
23,1709107200,1.08266,1.08293,1.07966,1.08,10310,0,0,-0.0026599999999998847
24,1709121600,1.07999,1.08311,1.07994,1.08278,13839,0,0,0.00279000000000007
25,1709136000,1.08278,1.08459,1.08214,1.08383,14470,0,0,0.0010499999999999954
26,1709150400,1.08384,1.08405,1.08324,1.08382,6366,0,0,-1.999999999990898e-05
27,1709164800,1.08329,1.08403,1.0828,1.08289,4629,0,0,-0.000400000000000178
28,1709179200,1.0829,1.08379,1.08287,1.08354,6263,0,0,0.0006399999999999739
29,1709193600,1.08354,1.08521,1.08259,1.08505,13408,0,0,0.0015100000000001224
30,1709208000,1.08505,1.0854300000000001,1.08219,1.08377,17165,0,0,-0.0012800000000001699
31,1709222400,1.08377,1.08559,1.07958,1.07999,21269,0,0,-0.0037799999999998946
32,1709236800,1.07999,1.08112,1.07984,1.08047,8407,0,0,0.00048000000000003595
33,1709251200,1.07989,1.08213,1.07955,1.08212,6188,0,0,0.0022299999999999542
34,1709265600,1.08212,1.08219,1.08112,1.08121,3776,0,0,-0.0009099999999999664
35,1709280000,1.08122,1.08199,1.0808200000000001,1.08154,9938,0,0,0.00031999999999987594
36,1709294400,1.08155,1.08249,1.07984,1.08127,13757,0,0,-0.000280000000000058
37,1709308800,1.08127,1.08416,1.0798,1.08376,22286,0,0,0.0024900000000001032
38,1709323200,1.08376,1.08432,1.08315,1.08396,8109,0,0,0.00019999999999997797
39,1709510400,1.08372,1.08481,1.0836999999999999,1.08401,3744,0,0,0.00028999999999990145
40,1709524800,1.084,1.08469,1.08385,1.08443,2893,0,0,0.00042999999999993044
41,1709539200,1.08443,1.08578,1.08377,1.0849,8869,0,0,0.00046999999999997044
42,1709553600,1.0849,1.08576,1.08401,1.08487,8914,0,0,-2.999999999997449e-05
43,1709568000,1.08487,1.08667,1.0845,1.08579,12478,0,0,0.0009200000000000319
44,1709582400,1.08579,1.08607,1.08549,1.08551,4420,0,0,-0.000280000000000058
45,1709596800,1.08539,1.08581,1.08475,1.08494,7782,0,0,-0.00045000000000006146
46,1709611200,1.08495,1.08549,1.08485,1.08529,2711,0,0,0.00034000000000000696
47,1709625600,1.08529,1.08558,1.08415,1.08513,9016,0,0,-0.00016000000000016001
48,1709640000,1.08513,1.08549,1.0842,1.08462,8433,0,0,-0.0005100000000000104
49,1709654400,1.08462,1.08763,1.08401,1.08599,17628,0,0,0.0013700000000000934
50,1709668800,1.08599,1.08602,1.0849,1.08567,7052,0,0,-0.000320000000000098
51,1709683200,1.0854,1.08589,1.08421,1.08438,4668,0,0,-0.0010200000000000209
52,1709697600,1.08438,1.08568,1.08438,1.0855,3825,0,0,0.0011200000000000099
53,1709712000,1.0855,1.08777,1.08548,1.08766,9071,0,0,0.002160000000000162
54,1709726400,1.08765,1.0884800000000001,1.08676,1.08847,11983,0,0,0.0008200000000000429
55,1709740800,1.08845,1.0915300000000001,1.08813,1.09024,19174,0,0,0.0017900000000001803
56,1709755200,1.09023,1.09078,1.08929,1.08988,10620,0,0,-0.0003500000000000725
57,1709769600,1.08939,1.09074,1.08928,1.08979,6086,0,0,0.00039999999999995595
58,1709784000,1.08979,1.09055,1.08936,1.09004,3984,0,0,0.00024999999999986144
59,1709798400,1.09004,1.09043,1.08877,1.09016,9099,0,0,0.00012000000000012001
60,1709812800,1.09016,1.09019,1.08678,1.08722,14156,0,0,-0.0029399999999999427
61,1709827200,1.08722,1.0942,1.08692,1.0937000000000001,21571,0,0,0.006480000000000041
62,1709841600,1.0937000000000001,1.09491,1.09365,1.09482,6935,0,0,0.0011199999999997878
63,1709856000,1.09438,1.09556,1.09414,1.0948,6033,0,0,0.00042000000000008697
64,1709870400,1.0948,1.0951,1.09442,1.09465,3618,0,0,-0.0001500000000000945
65,1709884800,1.09465,1.0951,1.09261,1.09352,10767,0,0,-0.0011299999999998533
66,1709899200,1.09351,1.09812,1.09175,1.09581,18501,0,0,0.0022999999999999687
67,1709913600,1.09581,1.09666,1.09369,1.09394,24654,0,0,-0.0018700000000000383
68,1709928000,1.09394,1.0944,1.09334,1.09389,9258,0,0,-4.999999999988347e-05
69,1710115200,1.0939,1.09466,1.09359,1.09424,3325,0,0,0.00034000000000000696
70,1710129600,1.09423,1.09457,1.0937000000000001,1.09386,5063,0,0,-0.00036999999999998145
71,1710144000,1.09386,1.09481,1.09354,1.09445,8022,0,0,0.0005899999999998684
72,1710158400,1.09446,1.09449,1.09295,1.09295,8833,0,0,-0.0015099999999999003
73,1710172800,1.09295,1.09317,1.09146,1.0927,12341,0,0,-0.0002500000000000835
74,1710187200,1.09272,1.09303,1.09183,1.09253,7872,0,0,-0.00018999999999991246
75,1710201600,1.09208,1.09323,1.09194,1.09286,7522,0,0,0.0007800000000000029
76,1710216000,1.09286,1.09382,1.09268,1.09369,3666,0,0,0.0008300000000001084
77,1710230400,1.09369,1.09393,1.09214,1.0924800000000001,7367,0,0,-0.0012099999999999334
78,1710244800,1.0924800000000001,1.09439,1.09023,1.09201,17315,0,0,-0.0004700000000001925
79,1710259200,1.09201,1.09232,1.09022,1.09177,20014,0,0,-0.00024000000000001798
80,1710273600,1.09176,1.09274,1.09128,1.09257,6484,0,0,0.0008099999999999774
81,1710288000,1.0926,1.09297,1.09238,1.09269,3558,0,0,8.999999999992347e-05
82,1710302400,1.09269,1.0930900000000001,1.09221,1.09235,4279,0,0,-0.00034000000000000696
83,1710316800,1.09235,1.09327,1.09209,1.09276,6229,0,0,0.00041000000000002146
84,1710331200,1.09276,1.09474,1.09201,1.09365,9728,0,0,0.0008900000000000574
85,1710345600,1.09365,1.09494,1.09314,1.0949,12738,0,0,0.0012499999999999734
86,1710360000,1.0949,1.09638,1.09457,1.0948,8227,0,0,-9.999999999998899e-05
87,1710374400,1.0948,1.09547,1.09457,1.09487,4468,0,0,7.00000000000145e-05
88,1710388800,1.09487,1.09528,1.0939,1.09424,3768,0,0,-0.0006299999999999084
89,1710403200,1.09424,1.0944,1.09317,1.09378,7238,0,0,-0.000460000000000127
90,1710417600,1.09378,1.09454,1.09233,1.09298,12865,0,0,-0.0007999999999999119
91,1710432000,1.09299,1.09312,1.0883,1.08869,19348,0,0,-0.0042999999999999705
92,1710446400,1.0887,1.08922,1.08807,1.0883099999999999,7023,0,0,-0.0003900000000001125
93,1710460800,1.08817,1.08862,1.08761,1.0878,5561,0,0,-0.00036999999999998145
94,1710475200,1.0878,1.08802,1.0873,1.08764,3525,0,0,-0.00016000000000016001
95,1710489600,1.08767,1.08869,1.08733,1.08829,6274,0,0,0.0006200000000000649
96,1710504000,1.08828,1.08998,1.08825,1.08872,8984,0,0,0.00043999999999999595
97,1710518400,1.08872,1.08948,1.08814,1.08858,12967,0,0,-0.00013999999999980695
98,1710532800,1.08859,1.08915,1.08834,1.08885,5583,0,0,0.000260000000000149
99,1710720000,1.08882,1.08912,1.08755,1.08853,3358,0,0,-0.00028999999999990145
100,1710734400,1.08853,1.08918,1.08829,1.08875,3162,0,0,0.000220000000000109
101,1710748800,1.08875,1.08977,1.08854,1.08939,5588,0,0,0.0006399999999999739
102,1710763200,1.08938,1.09061,1.08898,1.08922,6532,0,0,-0.00015999999999993797
103,1710777600,1.08923,1.08935,1.08694,1.08724,10432,0,0,-0.0019899999999999363
104,1710792000,1.08724,1.08751,1.08661,1.08721,4506,0,0,-2.999999999997449e-05
105,1710806400,1.08719,1.08747,1.08692,1.08695,2324,0,0,-0.00024000000000001798
106,1710820800,1.08696,1.08765,1.08668,1.08707,6080,0,0,0.0001100000000000545
107,1710835200,1.08706,1.08721,1.08424,1.08475,8188,0,0,-0.002309999999999812
108,1710849600,1.08475,1.0856,1.08347,1.08516,10029,0,0,0.0004099999999997994
109,1710864000,1.08516,1.08655,1.08493,1.08633,10058,0,0,0.0011700000000001154
110,1710878400,1.08634,1.08677,1.08597,1.08657,5014,0,0,0.00022999999999995246
111,1710892800,1.0864,1.08666,1.08575,1.08644,5228,0,0,4.0000000000040004e-05
112,1710907200,1.08645,1.08713,1.08622,1.08666,2848,0,0,0.00021000000000004349
113,1710921600,1.08666,1.08723,1.08501,1.08521,5741,0,0,-0.0014499999999999513
114,1710936000,1.0852,1.08524,1.08365,1.08422,7551,0,0,-0.0009799999999999809
115,1710950400,1.08423,1.08611,1.08373,1.08606,7503,0,0,0.0018299999999999983
116,1710964800,1.08606,1.09228,1.08587,1.09222,30759,0,0,0.006159999999999943
117,1710979200,1.09196,1.09374,1.09176,1.09335,6881,0,0,0.0013900000000000023
118,1710993600,1.09334,1.0939,1.09327,1.09333,4201,0,0,-1.0000000000065512e-05
119,1711008000,1.09333,1.09426,1.08873,1.08916,10920,0,0,-0.004170000000000007
120,1711022400,1.08917,1.09236,1.0889,1.09115,13341,0,0,0.001980000000000093
121,1711036800,1.09115,1.09117,1.08557,1.08608,17962,0,0,-0.00507000000000013
122,1711051200,1.08608,1.08663,1.08554,1.08595,5721,0,0,-0.00012999999999996348
123,1711065600,1.08575,1.08682,1.08572,1.08652,4092,0,0,0.0007699999999999374
124,1711080000,1.08652,1.08658,1.08311,1.08332,5919,0,0,-0.0031999999999998696
125,1711094400,1.08332,1.08419,1.0808200000000001,1.08115,8775,0,0,-0.0021700000000000053
126,1711108800,1.08115,1.08313,1.08114,1.0826500000000001,9896,0,0,0.0015000000000000568
127,1711123200,1.08264,1.08317,1.08057,1.08058,10748,0,0,-0.0020599999999999508
128,1711137600,1.08058,1.08107,1.08017,1.08086,4856,0,0,0.00027999999999983594
129,1711324800,1.08078,1.08104,1.08027,1.08036,2465,0,0,-0.00042000000000008697
130,1711339200,1.08036,1.08221,1.08022,1.08131,4877,0,0,0.0009500000000000064
131,1711353600,1.08131,1.08237,1.08073,1.08138,6520,0,0,7.00000000000145e-05
132,1711368000,1.08138,1.0834,1.08116,1.08306,7221,0,0,0.0016799999999999038
133,1711382400,1.08306,1.08424,1.08292,1.08366,8997,0,0,0.000600000000000156
134,1711396800,1.08366,1.08409,1.08333,1.08369,4639,0,0,2.999999999997449e-05
135,1711411200,1.08367,1.08428,1.08289,1.08426,7036,0,0,0.0005900000000000905
136,1711425600,1.08426,1.08456,1.08359,1.08402,3822,0,0,-0.00024000000000001798
137,1711440000,1.08402,1.0853,1.08386,1.08494,7819,0,0,0.0009200000000000319
138,1711454400,1.08495,1.08643,1.08456,1.0852,11371,0,0,0.00024999999999986144
139,1711468800,1.0852,1.08585,1.08243,1.08283,13417,0,0,-0.0023699999999999832
140,1711483200,1.08283,1.08358,1.08268,1.08313,5518,0,0,0.00029999999999996696
141,1711497600,1.08307,1.08336,1.08275,1.08295,2911,0,0,-0.00011999999999989797
142,1711512000,1.08294,1.08308,1.08205,1.08298,4303,0,0,4.0000000000040004e-05
143,1711526400,1.08297,1.08338,1.08213,1.08287,7068,0,0,-9.999999999998899e-05
144,1711540800,1.08287,1.08391,1.08151,1.08188,11163,0,0,-0.0009900000000000464
145,1711555200,1.08188,1.08257,1.08108,1.08231,11825,0,0,0.0004300000000001525
146,1711569600,1.08231,1.0829,1.08175,1.08277,5950,0,0,0.00045999999999990493
147,1711584000,1.08224,1.08271,1.0808,1.08175,6297,0,0,-0.0004900000000001015
148,1711598400,1.08175,1.0826,1.0815,1.08235,4131,0,0,0.0005999999999999339
149,1711612800,1.08235,1.08266,1.07898,1.07919,7096,0,0,-0.0031599999999998296
150,1711627200,1.07919,1.08088,1.07751,1.0808200000000001,10973,0,0,0.0016300000000000203
151,1711641600,1.08081,1.08188,1.07928,1.07993,17213,0,0,-0.0008799999999999919
152,1711656000,1.07993,1.08019,1.07846,1.07869,7013,0,0,-0.0012400000000001299
153,1711670400,1.0787,1.07931,1.0783800000000001,1.07839,7969,0,0,-0.00031000000000003247
154,1711684800,1.07839,1.0784799999999999,1.07738,1.07767,6051,0,0,-0.0007200000000000539
155,1711699200,1.07766,1.07819,1.07681,1.07785,4380,0,0,0.00018999999999991246
156,1711713600,1.07785,1.0805,1.07728,1.07979,8321,0,0,0.0019400000000000528
157,1711728000,1.0798,1.08031,1.07865,1.07877,11241,0,0,-0.0010300000000000864
158,1711742400,1.07876,1.07949,1.07871,1.07887,4895,0,0,0.0001100000000000545
159,1711929600,1.07888,1.07988,1.07852,1.07913,4064,0,0,0.00024999999999986144
160,1711944000,1.07914,1.07945,1.07841,1.07867,3537,0,0,-0.00046999999999997044
161,1711958400,1.07867,1.07921,1.07828,1.07898,3978,0,0,0.00031000000000003247
162,1711972800,1.07898,1.0791,1.07771,1.07818,4226,0,0,-0.0008000000000001339
163,1711987200,1.07817,1.07829,1.07309,1.07365,12509,0,0,-0.0045200000000000795
164,1712001600,1.07365,1.0744,1.07365,1.0743,3502,0,0,0.0006500000000000394
165,1712016000,1.0738,1.07437,1.0731,1.07371,4919,0,0,-9.000000000014552e-05
166,1712030400,1.07372,1.07381,1.07294,1.07332,3173,0,0,-0.00039999999999995595
167,1712044800,1.07332,1.07428,1.07247,1.07313,8639,0,0,-0.0001900000000001345
168,1712059200,1.07313,1.07561,1.07311,1.0749,9621,0,0,0.0017700000000000493
169,1712073600,1.0749,1.07791,1.0748,1.07682,14639,0,0,0.0019200000000001438
170,1712088000,1.07682,1.07693,1.07602,1.07692,3774,0,0,9.999999999998899e-05
171,1712102400,1.07697,1.07734,1.07659,1.07689,2527,0,0,-8.000000000008001e-05
172,1712116800,1.07688,1.07794,1.07659,1.07746,3275,0,0,0.0005800000000000249
173,1712131200,1.07747,1.07774,1.0764,1.07718,6118,0,0,-0.00028999999999990145
174,1712145600,1.07712,1.07863,1.07651,1.07778,9927,0,0,0.0006599999999998829
175,1712160000,1.07782,1.08362,1.07778,1.08306,21243,0,0,0.005239999999999911
176,1712174400,1.08307,1.08368,1.08256,1.0836,6087,0,0,0.0005299999999999194
177,1712188800,1.08322,1.08435,1.08318,1.0843099999999999,3601,0,0,0.0010899999999998133
178,1712203200,1.0843099999999999,1.08449,1.08382,1.08426,2485,0,0,-4.999999999988347e-05
179,1712217600,1.08427,1.08626,1.0839,1.08619,8705,0,0,0.0019199999999999218
180,1712232000,1.08619,1.08703,1.08507,1.08697,7985,0,0,0.0007800000000000029
181,1712246400,1.08697,1.08766,1.0858,1.08588,8869,0,0,-0.0010900000000000354
182,1712260800,1.08587,1.08618,1.08318,1.0836999999999999,11793,0,0,-0.0021700000000000053
183,1712275200,1.08319,1.0844,1.08319,1.08416,10578,0,0,0.0009699999999999154
184,1712289600,1.08416,1.0843,1.08234,1.08263,4641,0,0,-0.0015300000000000313
185,1712304000,1.08266,1.08464,1.08225,1.08376,7696,0,0,0.001100000000000101
186,1712318400,1.08376,1.08479,1.08001,1.08093,14131,0,0,-0.00283000000000011
187,1712332800,1.08093,1.08443,1.07914,1.08357,18550,0,0,0.0026399999999999757
188,1712347200,1.08357,1.08389,1.08307,1.08371,6208,0,0,0.000140000000000029
189,1712534400,1.08371,1.08379,1.08231,1.08271,4957,0,0,-0.0009999999999998899
190,1712548800,1.0827,1.08433,1.08269,1.0832,5219,0,0,0.0004999999999999449
191,1712563200,1.08321,1.08377,1.08222,1.08235,8295,0,0,-0.0008600000000000829
192,1712577600,1.08234,1.08355,1.08209,1.08343,7343,0,0,0.0010899999999998133
193,1712592000,1.08343,1.08589,1.08343,1.08501,12206,0,0,0.0015800000000001369
194,1712606400,1.08501,1.08622,1.08495,1.08594,4340,0,0,0.0009299999999998754
195,1712620800,1.08557,1.08635,1.08512,1.08586,3676,0,0,0.0002900000000001235
196,1712635200,1.08586,1.08622,1.08539,1.08565,3073,0,0,-0.00021000000000004349
197,1712649600,1.08566,1.08626,1.08491,1.08575,6455,0,0,8.999999999992347e-05
198,1712664000,1.08575,1.08839,1.08564,1.08806,8205,0,0,0.0023100000000000342
199,1712678400,1.08806,1.08851,1.08522,1.08545,12469,0,0,-0.002610000000000001
200,1712692800,1.08545,1.0859,1.08477,1.08566,5991,0,0,0.00021000000000004349
201,1712707200,1.0856,1.08597,1.08524,1.08571,6011,0,0,0.0001100000000000545
202,1712721600,1.08572,1.08589,1.08505,1.08525,3935,0,0,-0.00046999999999997044
203,1712736000,1.08525,1.08608,1.08478,1.0860400000000001,6137,0,0,0.0007900000000000684
204,1712750400,1.0860400000000001,1.0866500000000001,1.07783,1.07807,16202,0,0,-0.007970000000000033
205,1712764800,1.07807,1.07812,1.07287,1.0735999999999999,23591,0,0,-0.004470000000000196
206,1712779200,1.0735999999999999,1.0754299999999999,1.0729,1.0742,14808,0,0,0.000600000000000156
207,1712793600,1.07417,1.07458,1.07383,1.07425,3832,0,0,7.999999999985796e-05
208,1712808000,1.07426,1.07489,1.07411,1.07462,4169,0,0,0.00035999999999991594
209,1712822400,1.07461,1.07498,1.07266,1.07405,9261,0,0,-0.000560000000000116
210,1712836800,1.07405,1.07468,1.07144,1.07414,18287,0,0,9.000000000014552e-05
211,1712851200,1.07415,1.07565,1.06992,1.07176,21461,0,0,-0.002389999999999892
212,1712865600,1.07176,1.07345,1.07153,1.07257,6520,0,0,0.0008099999999999774
213,1712880000,1.07258,1.07293,1.07225,1.07259,1883,0,0,9.999999999843467e-06
214,1712894400,1.07259,1.07282,1.07108,1.07112,3783,0,0,-0.0014699999999998603
215,1712908800,1.07112,1.07141,1.06708,1.06711,10980,0,0,-0.004010000000000069
216,1712923200,1.06711,1.06748,1.06314,1.06383,12573,0,0,-0.0032799999999999496
217,1712937600,1.06384,1.0651,1.06226,1.06417,20170,0,0,0.0003300000000001635
218,1712952000,1.06418,1.06505,1.06371,1.06413,8711,0,0,-4.999999999988347e-05
219,1713139200,1.06341,1.06516,1.06315,1.06456,6235,0,0,0.0011499999999999844
220,1713153600,1.06456,1.06549,1.06392,1.06525,5322,0,0,0.0006900000000000794
221,1713168000,1.06525,1.06649,1.065,1.06563,10385,0,0,0.00038000000000004697
222,1713182400,1.06563,1.06652,1.0631,1.06471,13058,0,0,-0.0009200000000000319
223,1713196800,1.06471,1.06607,1.06219,1.06361,19932,0,0,-0.001100000000000101
224,1713211200,1.0636,1.06395,1.06203,1.06237,9930,0,0,-0.0012300000000000644
225,1713225600,1.0623,1.06285,1.0618,1.06184,3551,0,0,-0.000460000000000127
226,1713240000,1.06184,1.06192,1.06062,1.06141,5682,0,0,-0.00042999999999993044
227,1713254400,1.06141,1.06247,1.06023,1.06163,11251,0,0,0.000220000000000109
228,1713268800,1.06162,1.06536,1.06161,1.06389,12921,0,0,0.0022699999999999942
229,1713283200,1.06389,1.06448,1.06188,1.06249,23091,0,0,-0.0014000000000000679
230,1713297600,1.06249,1.0635,1.06012,1.06184,18805,0,0,-0.0006500000000000394
231,1713312000,1.06169,1.06252,1.06127,1.06222,4733,0,0,0.0005299999999999194
232,1713326400,1.06221,1.06356,1.06203,1.06249,4915,0,0,0.00027999999999983594
233,1713340800,1.06249,1.0648900000000001,1.06061,1.06405,11873,0,0,0.0015600000000000058
234,1713355200,1.06405,1.06492,1.06315,1.06348,10652,0,0,-0.0005699999999999594
235,1713369600,1.06347,1.06564,1.063,1.06497,18202,0,0,0.0015000000000000568
236,1713384000,1.06498,1.06797,1.06479,1.06725,12450,0,0,0.0022699999999999942
237,1713398400,1.06722,1.06753,1.06645,1.06698,3240,0,0,-0.00024000000000001798
238,1713412800,1.06698,1.06804,1.06645,1.06783,4487,0,0,0.0008500000000000174
239,1713427200,1.06783,1.06901,1.06748,1.06784,8129,0,0,9.999999999843467e-06
240,1713441600,1.06785,1.06813,1.06598,1.06628,10135,0,0,-0.0015700000000000713
241,1713456000,1.06629,1.06684,1.06464,1.06534,17088,0,0,-0.0009500000000000064
242,1713470400,1.06534,1.06548,1.06413,1.06436,7528,0,0,-0.0009799999999999809
243,1713484800,1.06424,1.06446,1.06361,1.06387,3275,0,0,-0.00036999999999998145
244,1713499200,1.06387,1.06433,1.06105,1.06348,20908,0,0,-0.0003900000000001125
245,1713513600,1.06347,1.06593,1.06272,1.06456,14965,0,0,0.0010900000000000354
246,1713528000,1.06457,1.06737,1.06431,1.06654,11779,0,0,0.0019700000000000273
247,1713542400,1.06654,1.0677699999999999,1.06402,1.06534,18141,0,0,-0.0012000000000000899
248,1713556800,1.06534,1.06584,1.06465,1.06571,8374,0,0,0.00036999999999998145
249,1713744000,1.06538,1.0665,1.0648,1.06534,4335,0,0,-4.0000000000040004e-05
250,1713758400,1.06534,1.06706,1.06534,1.06653,4292,0,0,0.0011900000000000244
251,1713772800,1.06654,1.06692,1.06473,1.06568,8253,0,0,-0.0008600000000000829
252,1713787200,1.06568,1.0662,1.06309,1.06398,8625,0,0,-0.0017000000000000348
253,1713801600,1.06398,1.06508,1.0624,1.06488,10138,0,0,0.0009000000000001229
254,1713816000,1.06488,1.06608,1.06481,1.06536,4780,0,0,0.00048000000000003595
255,1713830400,1.06514,1.0659399999999999,1.06501,1.06586,2035,0,0,0.0007200000000000539
256,1713844800,1.06586,1.06606,1.06534,1.0655000000000001,3316,0,0,-0.00035999999999991594
257,1713859200,1.06551,1.06951,1.06386,1.06707,11777,0,0,0.0015600000000000058
258,1713873600,1.06707,1.0678,1.06532,1.0672,9385,0,0,0.00012999999999996348
259,1713888000,1.0672,1.07113,1.06601,1.07,20420,0,0,0.0028000000000001357
260,1713902400,1.07,1.07077,1.06993,1.07022,4569,0,0,0.00021999999999988695
261,1713916800,1.07017,1.07108,1.06996,1.07096,2259,0,0,0.0007899999999998464
262,1713931200,1.07095,1.07142,1.07043,1.07053,3892,0,0,-0.00042000000000008697
263,1713945600,1.07052,1.07057,1.06808,1.06833,7222,0,0,-0.0021899999999999142
264,1713960000,1.06835,1.0693,1.0678,1.06868,8060,0,0,0.0003300000000001635
265,1713974400,1.06868,1.07026,1.0681,1.06905,12602,0,0,0.00036999999999998145
266,1713988800,1.06905,1.07066,1.0687,1.06992,6595,0,0,0.0008699999999999264
267,1714003200,1.0694,1.07046,1.06938,1.07033,2352,0,0,0.0009300000000000974
268,1714017600,1.07033,1.07098,1.0697,1.07091,3123,0,0,0.0005800000000000249
269,1714032000,1.07091,1.07288,1.07077,1.07257,7654,0,0,0.0016599999999999948
270,1714046400,1.07256,1.07401,1.06854,1.0692,14443,0,0,-0.0033600000000000296
271,1714060800,1.06921,1.07351,1.06783,1.07311,20304,0,0,0.0039000000000000146
272,1714075200,1.07311,1.07387,1.07229,1.07296,7469,0,0,-0.0001500000000000945
273,1714089600,1.07279,1.07303,1.07228,1.07273,2031,0,0,-5.999999999994898e-05
274,1714104000,1.07273,1.07291,1.07186,1.07224,3756,0,0,-0.0004899999999998794
275,1714118400,1.07224,1.07528,1.07215,1.07409,10484,0,0,0.0018499999999999073
276,1714132800,1.07408,1.07433,1.07102,1.07163,14528,0,0,-0.002449999999999841
277,1714147200,1.07164,1.07239,1.06739,1.06945,16317,0,0,-0.0021899999999999142
278,1714161600,1.06945,1.0707200000000001,1.06909,1.0694,4561,0,0,-5.0000000000105516e-05
279,1714348800,1.06905,1.0711,1.06842,1.07098,3125,0,0,0.0019299999999999873
280,1714363200,1.07097,1.07337,1.07076,1.0729,11445,0,0,0.0019299999999999873
281,1714377600,1.0729,1.07337,1.07012,1.07046,19452,0,0,-0.0024399999999999977
282,1714392000,1.07045,1.07272,1.06973,1.07034,10063,0,0,-0.00010999999999983245
283,1714406400,1.07034,1.0729,1.06901,1.07258,12563,0,0,0.0022400000000000198
284,1714420800,1.07258,1.07297,1.0715,1.07198,7827,0,0,-0.000600000000000156
285,1714435200,1.07205,1.07225,1.07101,1.07151,2618,0,0,-0.0005399999999999849
286,1714449600,1.0715,1.07179,1.07024,1.07056,3474,0,0,-0.0009399999999999409
287,1714464000,1.07056,1.07122,1.069,1.07109,9156,0,0,0.0005300000000001415
288,1714478400,1.07113,1.07354,1.06894,1.07003,16272,0,0,-0.0010999999999998789
289,1714492800,1.07004,1.07196,1.0676,1.06788,24825,0,0,-0.002160000000000162
290,1714507200,1.06789,1.0683,1.06647,1.06652,7208,0,0,-0.0013700000000000934
291,1714521600,1.06663,1.06731,1.06581,1.06616,3030,0,0,-0.00046999999999997044
292,1714536000,1.06616,1.06633,1.06549,1.06558,2670,0,0,-0.0005800000000000249
293,1714550400,1.06557,1.06705,1.06494,1.06693,5472,0,0,0.0013600000000000279
294,1714564800,1.06695,1.06848,1.06667,1.06843,8269,0,0,0.0014799999999999258
295,1714579200,1.06843,1.06912,1.06707,1.06715,14067,0,0,-0.0012799999999999478
296,1714593600,1.06715,1.07327,1.06708,1.07136,38452,0,0,0.004210000000000047
297,1714608000,1.07103,1.07213,1.07067,1.07117,5376,0,0,0.000140000000000029
298,1714622400,1.07117,1.07208,1.0707,1.07177,4601,0,0,0.0005999999999999339
299,1714636800,1.07177,1.07282,1.07,1.07042,12842,0,0,-0.0013499999999999623
300,1714651200,1.07042,1.07123,1.06935,1.0701100000000001,12950,0,0,-0.00030999999999981043
301,1714665600,1.07012,1.07216,1.06741,1.07167,20924,0,0,0.0015499999999999403
302,1714680000,1.07167,1.07302,1.0714,1.07244,8491,0,0,0.0007700000000001594
303,1714694400,1.07245,1.07317,1.07225,1.07314,3489,0,0,0.0006900000000000794
304,1714708800,1.07314,1.07394,1.07308,1.07322,4446,0,0,8.000000000008001e-05
305,1714723200,1.07322,1.07442,1.07245,1.07425,10550,0,0,0.0010299999999998644
306,1714737600,1.07424,1.08122,1.07387,1.07937,18284,0,0,0.005129999999999857
307,1714752000,1.07937,1.07971,1.07514,1.07634,35723,0,0,-0.003029999999999866
308,1714766400,1.07634,1.07694,1.07591,1.07631,6322,0,0,-2.999999999997449e-05
309,1714953600,1.07615,1.0769,1.07552,1.07675,3297,0,0,0.000600000000000156
310,1714968000,1.07675,1.07718,1.07622,1.07629,5622,0,0,-0.000460000000000127
311,1714982400,1.07629,1.07762,1.07576,1.07685,7679,0,0,0.000560000000000116
312,1714996800,1.07685,1.07908,1.07661,1.07874,7022,0,0,0.0018899999999999473
313,1715011200,1.07874,1.07884,1.07712,1.07743,7938,0,0,-0.0013099999999999223
314,1715025600,1.07743,1.07765,1.07663,1.077,3728,0,0,-0.0004300000000001525
315,1715040000,1.07651,1.07761,1.07651,1.0775,2390,0,0,0.0009899999999998244
316,1715054400,1.07749,1.07768,1.07607,1.07657,4136,0,0,-0.0009200000000000319
317,1715068800,1.07657,1.07696,1.0754299999999999,1.07637,8052,0,0,-0.00019999999999997797
318,1715083200,1.07637,1.07792,1.07552,1.07755,7606,0,0,0.0011799999999999589
319,1715097600,1.07756,1.07874,1.0766,1.07703,10870,0,0,-0.0005300000000001415
320,1715112000,1.07703,1.07707,1.07478,1.07548,5681,0,0,-0.0015499999999999403
321,1715126400,1.07531,1.07563,1.07469,1.0748,2183,0,0,-0.0005100000000000104
322,1715140800,1.0748,1.07489,1.0738,1.07413,3460,0,0,-0.0006699999999999484
323,1715155200,1.07413,1.0749,1.0735,1.07442,6381,0,0,0.00028999999999990145
324,1715169600,1.07442,1.0754,1.07397,1.07489,7703,0,0,0.00046999999999997044
325,1715184000,1.07489,1.07575,1.07442,1.07458,9211,0,0,-0.00030999999999981043
326,1715198400,1.07458,1.07484,1.07409,1.07479,3971,0,0,0.00020999999999982144
327,1715212800,1.0741,1.07504,1.0741,1.07432,1811,0,0,0.00021999999999988695
328,1715227200,1.07432,1.07515,1.07423,1.07453,2914,0,0,0.00021000000000004349
329,1715241600,1.07454,1.07464,1.07261,1.0728,5859,0,0,-0.0017400000000000748
330,1715256000,1.07281,1.07624,1.07239,1.07593,11958,0,0,0.0031200000000000117
331,1715270400,1.07593,1.07817,1.07506,1.07758,12013,0,0,0.0016499999999999293
332,1715284800,1.07758,1.07845,1.0774,1.07812,4746,0,0,0.0005399999999999849
333,1715299200,1.07798,1.07859,1.07766,1.07792,2053,0,0,-5.999999999994898e-05
334,1715313600,1.07792,1.07826,1.07732,1.0774,3145,0,0,-0.000520000000000076
335,1715328000,1.0774,1.07866,1.0771600000000001,1.07806,8146,0,0,0.000660000000000105
336,1715342400,1.0781,1.07861,1.07662,1.07701,7784,0,0,-0.0010900000000000354
337,1715356800,1.077,1.079,1.07603,1.07759,12619,0,0,0.0005900000000000905
338,1715371200,1.07762,1.07774,1.07684,1.07694,3660,0,0,-0.0006800000000000139
339,1715558400,1.07708,1.07752,1.07638,1.07693,3297,0,0,-0.0001500000000000945
340,1715572800,1.07693,1.07733,1.07659,1.07696,4695,0,0,2.999999999997449e-05
341,1715587200,1.07696,1.07846,1.07687,1.07837,6334,0,0,0.0014100000000001334
342,1715601600,1.07837,1.07998,1.07773,1.07982,7017,0,0,0.0014499999999999513
343,1715616000,1.07982,1.08067,1.07894,1.07935,9983,0,0,-0.00046999999999997044
344,1715630400,1.07935,1.0794,1.07867,1.07898,3952,0,0,-0.00036999999999998145
345,1715644800,1.0788,1.07937,1.07854,1.07877,1866,0,0,-2.999999999997449e-05
346,1715659200,1.07876,1.07896,1.07844,1.07854,2687,0,0,-0.00021999999999988695
347,1715673600,1.07854,1.07894,1.07753,1.07837,5986,0,0,-0.00017000000000000348
348,1715688000,1.0783800000000001,1.08106,1.07668,1.08031,13557,0,0,0.0019299999999999873
349,1715702400,1.08031,1.08256,1.08007,1.08168,14451,0,0,0.0013699999999998713
350,1715716800,1.08167,1.08231,1.08155,1.08194,3657,0,0,0.00026999999999999247
351,1715731200,1.08183,1.08192,1.08131,1.0817,2373,0,0,-0.00012999999999996348
352,1715745600,1.08169,1.08277,1.08164,1.08214,3247,0,0,0.00045000000000006146
353,1715760000,1.08214,1.08346,1.08211,1.08298,7051,0,0,0.0008399999999999519
354,1715774400,1.08298,1.08696,1.08218,1.08612,16786,0,0,0.0031399999999999206
355,1715788800,1.08612,1.08745,1.08316,1.0872,18284,0,0,0.0010799999999999699
356,1715803200,1.0872,1.0886,1.08716,1.08836,5376,0,0,0.0011600000000000499
357,1715817600,1.08839,1.0895,1.08761,1.08936,3819,0,0,0.0009700000000001374
358,1715832000,1.08937,1.08939,1.08814,1.08847,5260,0,0,-0.0008999999999999009
359,1715846400,1.08847,1.0885,1.08662,1.08732,7417,0,0,-0.0011499999999999844
360,1715860800,1.08732,1.08748,1.08607,1.08633,9473,0,0,-0.0009900000000000464
361,1715875200,1.08632,1.08758,1.08544,1.08734,11413,0,0,0.0010200000000000209
362,1715889600,1.08734,1.08755,1.08646,1.0867,4090,0,0,-0.0006399999999999739
363,1715904000,1.08635,1.08691,1.08598,1.08629,2186,0,0,-5.999999999994898e-05
364,1715918400,1.08628,1.08637,1.0854300000000001,1.08561,3543,0,0,-0.0006699999999999484
365,1715932800,1.08561,1.08683,1.08416,1.08443,6693,0,0,-0.0011799999999999589
366,1715947200,1.08441,1.08467,1.08356,1.08429,5936,0,0,-0.00012000000000012001
367,1715961600,1.0843,1.08785,1.0843,1.08686,10069,0,0,0.0025599999999998957
368,1715976000,1.08686,1.08768,1.08682,1.08699,4369,0,0,0.00012999999999996348
369,1716163200,1.0867,1.08772,1.08634,1.08752,2123,0,0,0.0008200000000000429
370,1716177600,1.08752,1.08824,1.08716,1.08807,3563,0,0,0.0005500000000000504
371,1716192000,1.08807,1.08845,1.08694,1.08745,6199,0,0,-0.0006200000000000649
372,1716206400,1.08745,1.08751,1.0854300000000001,1.08575,7005,0,0,-0.0017000000000000348
373,1716220800,1.08575,1.08698,1.08575,1.08658,8756,0,0,0.0008300000000001084
374,1716235200,1.08657,1.08706,1.08562,1.08563,3990,0,0,-0.0009399999999999409
375,1716249600,1.08565,1.0862,1.08552,1.0861399999999999,2052,0,0,0.0004899999999998794
376,1716264000,1.0861399999999999,1.08615,1.08509,1.08587,4423,0,0,-0.00026999999999999247
377,1716278400,1.08588,1.08696,1.08566,1.08667,7271,0,0,0.0007900000000000684
378,1716292800,1.08667,1.08748,1.08548,1.08571,8304,0,0,-0.0009600000000000719
379,1716307200,1.0857,1.08617,1.08426,1.08539,16212,0,0,-0.00031000000000003247
380,1716321600,1.08539,1.08565,1.08464,1.08538,3758,0,0,-1.0000000000065512e-05
381,1716336000,1.0854,1.08598,1.08489,1.08575,2102,0,0,0.0003500000000000725
382,1716350400,1.08575,1.08635,1.08528,1.08534,3894,0,0,-0.00041000000000002146
383,1716364800,1.08534,1.08634,1.08462,1.08486,7569,0,0,-0.00048000000000003595
384,1716379200,1.08485,1.08499,1.08219,1.08319,9229,0,0,-0.0016599999999999948
385,1716393600,1.08319,1.08443,1.08317,1.08424,10541,0,0,0.0010499999999999954
386,1716408000,1.08424,1.08469,1.08174,1.0822,9436,0,0,-0.0020400000000000418
387,1716422400,1.08202,1.08287,1.08202,1.08255,2296,0,0,0.0005299999999999194
388,1716436800,1.08255,1.08325,1.08219,1.08267,3596,0,0,0.00012000000000012001
389,1716451200,1.08267,1.08449,1.08124,1.08386,10201,0,0,0.0011900000000000244
390,1716465600,1.08386,1.08544,1.08336,1.08526,9222,0,0,0.0013999999999998458
391,1716480000,1.08526,1.0861,1.0818,1.08183,19620,0,0,-0.003429999999999822
392,1716494400,1.08183,1.08201,1.08048,1.08156,7477,0,0,-0.00026999999999999247
393,1716508800,1.08114,1.08149,1.08075,1.08103,2815,0,0,-0.0001100000000000545
394,1716523200,1.08102,1.08138,1.08055,1.08092,3283,0,0,-9.999999999998899e-05
395,1716537600,1.08092,1.08283,1.08075,1.08247,6085,0,0,0.0015499999999999403
396,1716552000,1.08246,1.08537,1.08236,1.08512,8302,0,0,0.0026600000000001067
397,1716566400,1.08512,1.08578,1.0842,1.0847,11551,0,0,-0.00042000000000008697
398,1716580800,1.0847,1.08534,1.08457,1.0846,4700,0,0,-9.999999999998899e-05
399,1716768000,1.08466,1.08514,1.08415,1.08485,2177,0,0,0.0001900000000001345
400,1716782400,1.08485,1.0852,1.08473,1.08486,2241,0,0,9.999999999843467e-06
401,1716796800,1.08486,1.08534,1.08442,1.08494,4266,0,0,8.000000000008001e-05
402,1716811200,1.08494,1.0867499999999999,1.08406,1.0849,7004,0,0,-4.0000000000040004e-05
403,1716825600,1.08491,1.0862,1.08444,1.08599,5307,0,0,0.0010799999999999699
404,1716840000,1.08598,1.08608,1.08561,1.08567,978,0,0,-0.00031000000000003247
405,1716854400,1.08577,1.08686,1.08477,1.08651,5496,0,0,0.000740000000000185
406,1716868800,1.0865,1.08801,1.08642,1.0876,4488,0,0,0.0010999999999998789
407,1716883200,1.08761,1.088,1.08671,1.087,6508,0,0,-0.0006099999999999994
408,1716897600,1.08699,1.0889,1.08672,1.08765,7740,0,0,0.000660000000000105
409,1716912000,1.08765,1.08802,1.08579,1.08748,12000,0,0,-0.00017000000000000348
410,1716926400,1.08748,1.08757,1.08552,1.08566,6807,0,0,-0.0018199999999999328
411,1716940800,1.08567,1.08601,1.08477,1.08511,2825,0,0,-0.0005599999999998939
412,1716955200,1.08512,1.0857,1.0844,1.08476,3069,0,0,-0.000360000000000138
413,1716969600,1.08476,1.08588,1.08292,1.08371,9363,0,0,-0.0010499999999999954
414,1716984000,1.08372,1.08586,1.08354,1.08462,8962,0,0,0.0008999999999999009
415,1716998400,1.08462,1.08469,1.08074,1.08154,14836,0,0,-0.0030799999999999716
416,1717012800,1.08154,1.08159,1.08,1.08006,6012,0,0,-0.0014799999999999258
417,1717027200,1.08023,1.08044,1.07953,1.07964,2554,0,0,-0.0005900000000000905
418,1717041600,1.07964,1.08046,1.0792,1.0796000000000001,4450,0,0,-3.999999999981796e-05
419,1717056000,1.0796000000000001,1.08186,1.07884,1.0815,9367,0,0,0.0018999999999997907
420,1717070400,1.0815,1.08328,1.08085,1.0829,9480,0,0,0.0014000000000000679
421,1717084800,1.0829,1.08451,1.08254,1.084,11792,0,0,0.001100000000000101
422,1717099200,1.084,1.08433,1.08268,1.0832,4991,0,0,-0.0008000000000001339
423,1717113600,1.08292,1.08345,1.08277,1.08321,2359,0,0,0.00028999999999990145
424,1717128000,1.0832,1.08336,1.08111,1.08183,4582,0,0,-0.0013699999999998713
425,1717142400,1.08183,1.08386,1.08146,1.08343,7860,0,0,0.0015999999999998238
426,1717156800,1.08338,1.08823,1.08335,1.08802,12618,0,0,0.0046399999999999775
427,1717171200,1.08802,1.08809,1.08398,1.08474,19851,0,0,-0.0032799999999999496
428,1717185600,1.08474,1.08528,1.08405,1.08493,5551,0,0,0.00018999999999991246
429,1717372800,1.08462,1.08575,1.08434,1.08563,3068,0,0,0.0010100000000001774
430,1717387200,1.08563,1.08587,1.0849199999999999,1.08519,3491,0,0,-0.00043999999999999595
431,1717401600,1.08519,1.08587,1.08334,1.08401,8275,0,0,-0.001180000000000181
432,1717416000,1.08401,1.08499,1.08278,1.08443,8587,0,0,0.00042000000000008697
433,1717430400,1.08444,1.08905,1.08444,1.08852,15382,0,0,0.0040799999999998615
434,1717444800,1.08851,1.09047,1.08813,1.09039,6552,0,0,0.0018799999999998818
435,1717459200,1.09015,1.09161,1.08989,1.09129,3230,0,0,0.001140000000000141
436,1717473600,1.09129,1.09137,1.09052,1.09093,3279,0,0,-0.000360000000000138
437,1717488000,1.09093,1.09108,1.0874,1.08808,10036,0,0,-0.002850000000000019
438,1717502400,1.08808,1.08819,1.08589,1.08646,12552,0,0,-0.0016199999999999548
439,1717516800,1.08646,1.08835,1.08621,1.08802,16868,0,0,0.0015600000000000058
440,1717531200,1.08802,1.08877,1.0878,1.0879,6669,0,0,-0.00011999999999989797
441,1717545600,1.08801,1.08861,1.08775,1.08841,3998,0,0,0.000400000000000178
442,1717560000,1.08841,1.0886,1.08766,1.08805,3124,0,0,-0.000360000000000138
443,1717574400,1.08806,1.08822,1.08701,1.08758,6988,0,0,-0.00048000000000003595
444,1717588800,1.08758,1.08842,1.08599,1.0884,8510,0,0,0.0008200000000000429
445,1717603200,1.0884,1.08916,1.08544,1.08642,18346,0,0,-0.001980000000000093
446,1717617600,1.08644,1.08773,1.08606,1.0869,5525,0,0,0.00045999999999990493
447,1717632000,1.08689,1.08823,1.08683,1.0882,1851,0,0,0.0013100000000001444
448,1717646400,1.08819,1.08958,1.08819,1.08872,4280,0,0,0.0005299999999999194
449,1717660800,1.08872,1.08882,1.08712,1.08773,6542,0,0,-0.0009899999999998244
450,1717675200,1.08771,1.0902,1.08619,1.08816,12003,0,0,0.00045000000000006146
451,1717689600,1.08814,1.08913,1.08718,1.08818,14097,0,0,3.999999999981796e-05
452,1717704000,1.08818,1.08942,1.0881,1.08893,4695,0,0,0.0007500000000000284
453,1717718400,1.08881,1.08933,1.08868,1.08895,1757,0,0,0.000140000000000029
454,1717732800,1.08895,1.08978,1.08872,1.0895299999999999,3300,0,0,0.0005799999999998029
455,1717747200,1.08954,1.08984,1.0883099999999999,1.0889,7848,0,0,-0.0006399999999999739
456,1717761600,1.08889,1.09018,1.08239,1.08332,17180,0,0,-0.005569999999999853
457,1717776000,1.08332,1.08357,1.08032,1.08052,19740,0,0,-0.0028000000000001357
458,1717790400,1.08051,1.08072,1.07996,1.08018,6301,0,0,-0.0003300000000001635
459,1717977600,1.07684,1.07815,1.07636,1.07779,4730,0,0,0.0009500000000000064
460,1717992000,1.07779,1.078,1.0748,1.07542,3757,0,0,-0.0023699999999999832
461,1718006400,1.07542,1.07681,1.07479,1.07566,10509,0,0,0.00024000000000001798
462,1718020800,1.07566,1.0760399999999999,1.07327,1.07413,8881,0,0,-0.0015300000000000313
463,1718035200,1.07412,1.07589,1.07332,1.07541,10453,0,0,0.0012900000000000134
464,1718049600,1.0754,1.0766499999999999,1.07504,1.07653,5515,0,0,0.0011300000000000754
465,1718064000,1.07627,1.07682,1.07569,1.07637,2216,0,0,9.999999999998899e-05
466,1718078400,1.07637,1.07705,1.07623,1.07683,2779,0,0,0.00045999999999990493
467,1718092800,1.07683,1.07735,1.07435,1.07453,7451,0,0,-0.0022999999999999687
468,1718107200,1.07453,1.07563,1.0723799999999999,1.07323,12892,0,0,-0.0013000000000000789
469,1718121600,1.07323,1.07389,1.0719400000000001,1.07372,11827,0,0,0.0004900000000001015
470,1718136000,1.07373,1.07493,1.07367,1.07401,5206,0,0,0.00027999999999983594
471,1718150400,1.07363,1.07428,1.07348,1.0735999999999999,2003,0,0,-3.0000000000196536e-05
472,1718164800,1.0735999999999999,1.07432,1.07346,1.07367,3131,0,0,7.00000000000145e-05
473,1718179200,1.07367,1.07539,1.07356,1.07466,6521,0,0,0.0009900000000000464
474,1718193600,1.07466,1.08302,1.07441,1.08266,15011,0,0,0.008000000000000007
475,1718208000,1.0826500000000001,1.08523,1.08176,1.08441,19134,0,0,0.0017599999999999838
476,1718222400,1.08441,1.08458,1.08036,1.08089,30490,0,0,-0.0035200000000001896
477,1718236800,1.08062,1.08156,1.08045,1.08129,2926,0,0,0.0006700000000001705
478,1718251200,1.08129,1.08158,1.08031,1.08039,3571,0,0,-0.0009000000000001229
479,1718265600,1.08039,1.08165,1.08004,1.08061,7427,0,0,0.000220000000000109
480,1718280000,1.08061,1.08162,1.07806,1.07934,13551,0,0,-0.0012700000000001044
481,1718294400,1.07934,1.08077,1.07328,1.07351,18495,0,0,-0.005830000000000002
482,1718308800,1.07351,1.0744,1.07351,1.07382,6402,0,0,0.00031000000000003247
483,1718323200,1.07348,1.07408,1.07348,1.07364,2537,0,0,0.00015999999999993797
484,1718337600,1.07364,1.07449,1.0735,1.07363,3509,0,0,-9.999999999843467e-06
485,1718352000,1.07363,1.07373,1.06897,1.06918,13110,0,0,-0.004450000000000065
486,1718366400,1.06918,1.07059,1.06718,1.06892,19866,0,0,-0.00025999999999992696
487,1718380800,1.06894,1.07018,1.06677,1.07004,18365,0,0,0.001100000000000101
488,1718395200,1.07004,1.07075,1.06947,1.07055,5761,0,0,0.0005099999999997884
489,1718582400,1.07032,1.0709,1.06969,1.0704,3549,0,0,8.000000000008001e-05
490,1718596800,1.0704,1.07054,1.06989,1.07041,4125,0,0,1.0000000000065512e-05
491,1718611200,1.0704,1.07123,1.06864,1.07071,13815,0,0,0.00031000000000003247
492,1718625600,1.07071,1.07178,1.0702099999999999,1.07137,10546,0,0,0.0006599999999998829
493,1718640000,1.07137,1.07277,1.07115,1.07251,12255,0,0,0.001140000000000141
494,1718654400,1.07251,1.07378,1.07233,1.07335,5444,0,0,0.0008399999999999519
495,1718668800,1.07323,1.0741,1.07275,1.0735999999999999,2722,0,0,0.00036999999999998145
496,1718683200,1.0735999999999999,1.07369,1.07202,1.07215,4230,0,0,-0.0014499999999999513
497,1718697600,1.07214,1.07352,1.07149,1.07192,9343,0,0,-0.000220000000000109
498,1718712000,1.07192,1.07341,1.071,1.07311,12717,0,0,0.0011900000000000244
499,1718726400,1.07311,1.07615,1.073,1.07393,15913,0,0,0.0008200000000000429
500,1718740800,1.07393,1.07434,1.0732,1.07396,6278,0,0,2.999999999997449e-05
501,1718755200,1.07382,1.07411,1.07359,1.07374,1796,0,0,-8.000000000008001e-05
502,1718769600,1.07374,1.07424,1.07353,1.07358,2303,0,0,-0.00015999999999993797
503,1718784000,1.07359,1.07418,1.07248,1.07403,9794,0,0,0.00043999999999999595
504,1718798400,1.07403,1.07534,1.07325,1.07458,9808,0,0,0.0005500000000000504
505,1718812800,1.07462,1.07508,1.07408,1.07469,5165,0,0,7.00000000000145e-05
506,1718827200,1.07469,1.07472,1.07425,1.07433,1010,0,0,-0.00035999999999991594
507,1718841600,1.07415,1.07487,1.07415,1.07462,1810,0,0,0.00046999999999997044
508,1718856000,1.07462,1.07481,1.07389,1.07426,2987,0,0,-0.00035999999999991594
509,1718870400,1.07426,1.07434,1.07126,1.07167,8145,0,0,-0.0025900000000000922
510,1718884800,1.07168,1.07322,1.07129,1.0719,12897,0,0,0.000220000000000109
511,1718899200,1.07191,1.07307,1.07033,1.07071,13684,0,0,-0.0011999999999998678
512,1718913600,1.07071,1.07178,1.07019,1.07023,6512,0,0,-0.00048000000000003595
513,1718928000,1.07023,1.07076,1.07012,1.07067,2244,0,0,0.00043999999999999595
514,1718942400,1.07067,1.07185,1.07051,1.07184,3316,0,0,0.0011699999999998933
515,1718956800,1.07184,1.07205,1.0671,1.06909,12054,0,0,-0.002749999999999808
516,1718971200,1.06909,1.06981,1.06765,1.06947,11121,0,0,0.0003799999999998249
517,1718985600,1.06948,1.06977,1.0678,1.06922,15875,0,0,-0.00025999999999992696
518,1719000000,1.06922,1.06968,1.06906,1.06925,4828,0,0,2.999999999997449e-05
519,1719187200,1.06868,1.06954,1.06848,1.06918,2721,0,0,0.0004999999999999449
520,1719201600,1.06918,1.06945,1.06836,1.06945,3888,0,0,0.00026999999999999247
521,1719216000,1.06945,1.07178,1.06945,1.07135,8228,0,0,0.0019000000000000128
522,1719230400,1.07134,1.07358,1.07131,1.07345,11374,0,0,0.0021100000000000563
523,1719244800,1.07346,1.07464,1.07233,1.07277,11214,0,0,-0.0006900000000000794
524,1719259200,1.07277,1.07382,1.07219,1.07337,5155,0,0,0.0005999999999999339
525,1719273600,1.07323,1.07357,1.07308,1.0734,1916,0,0,0.00017000000000000348
526,1719288000,1.0734,1.074,1.07322,1.07395,3085,0,0,0.0005500000000000504
527,1719302400,1.07395,1.07441,1.07209,1.07342,8012,0,0,-0.0005299999999999194
528,1719316800,1.07341,1.07352,1.07022,1.07049,9317,0,0,-0.0029200000000000337
529,1719331200,1.0705,1.0713,1.06907,1.07046,11735,0,0,-4.0000000000040004e-05
530,1719345600,1.07045,1.07175,1.07043,1.0714299999999999,4414,0,0,0.0009799999999999809
531,1719360000,1.07073,1.07152,1.07063,1.07113,2186,0,0,0.00039999999999995595
532,1719374400,1.07113,1.07179,1.07075,1.07103,3743,0,0,-9.999999999998899e-05
533,1719388800,1.07103,1.07112,1.06852,1.06947,7689,0,0,-0.0015600000000000058
534,1719403200,1.06947,1.06995,1.06771,1.06771,10136,0,0,-0.0017599999999999838
535,1719417600,1.06771,1.06959,1.0666,1.06821,16693,0,0,0.000500000000000167
536,1719432000,1.06821,1.06908,1.0675,1.06799,5572,0,0,-0.000220000000000109
537,1719446400,1.0679,1.06822,1.0677,1.06782,2650,0,0,-8.000000000008001e-05
538,1719460800,1.06782,1.06947,1.06778,1.06943,3382,0,0,0.0016100000000001113
539,1719475200,1.06943,1.0699,1.06805,1.06879,8312,0,0,-0.000640000000000196
540,1719489600,1.06881,1.07221,1.06873,1.07195,13372,0,0,0.0031399999999999206
541,1719504000,1.07195,1.07264,1.07003,1.07067,14560,0,0,-0.0012799999999999478
542,1719518400,1.07067,1.07084,1.07012,1.07037,5285,0,0,-0.00029999999999996696
543,1719532800,1.07026,1.07108,1.06976,1.06977,2527,0,0,-0.0004899999999998794
544,1719547200,1.06977,1.0699,1.06853,1.06866,4946,0,0,-0.0011100000000001664
545,1719561600,1.06867,1.0704,1.06861,1.06978,8498,0,0,0.0011099999999999444
546,1719576000,1.06979,1.07197,1.0692,1.07048,13909,0,0,0.0006900000000000794
547,1719590400,1.07046,1.07221,1.06925,1.07159,23231,0,0,0.0011300000000000754
548,1719604800,1.07159,1.07247,1.07061,1.07127,7172,0,0,-0.000320000000000098
549,1719792000,1.0742,1.07497,1.07315,1.07458,5397,0,0,0.00038000000000004697
550,1719806400,1.07458,1.07617,1.07428,1.07548,6596,0,0,0.0008999999999999009
551,1719820800,1.07548,1.07764,1.07496,1.07683,12125,0,0,0.0013499999999999623
552,1719835200,1.07683,1.07687,1.074,1.07481,8836,0,0,-0.0020199999999999108
553,1719849600,1.07483,1.07694,1.07197,1.07314,17099,0,0,-0.0016899999999999693
554,1719864000,1.07314,1.07426,1.07242,1.07397,4858,0,0,0.0008300000000001084
555,1719878400,1.07345,1.07417,1.07332,1.07347,2674,0,0,1.999999999990898e-05
556,1719892800,1.07347,1.07364,1.07282,1.07295,3068,0,0,-0.0005199999999998539
557,1719907200,1.07296,1.07358,1.07121,1.07207,8936,0,0,-0.0008899999999998354
558,1719921600,1.07208,1.07336,1.071,1.07317,8306,0,0,0.0010900000000000354
559,1719936000,1.07318,1.07469,1.07241,1.0732,17810,0,0,1.999999999990898e-05
560,1719950400,1.0732,1.07471,1.0731600000000001,1.07453,3885,0,0,0.0013300000000000534
561,1719964800,1.07433,1.0754299999999999,1.07427,1.0748,2405,0,0,0.00046999999999997044
562,1719979200,1.0748,1.0748,1.07405,1.07424,2140,0,0,-0.0005599999999998939
563,1719993600,1.07424,1.07636,1.07362,1.07582,7462,0,0,0.0015799999999999148
564,1720008000,1.07581,1.07784,1.07526,1.07746,8772,0,0,0.0016500000000001513
565,1720022400,1.07746,1.08168,1.0772,1.07957,18671,0,0,0.0021099999999998342
566,1720036800,1.07957,1.07958,1.07781,1.07869,3558,0,0,-0.0008799999999999919
567,1720051200,1.07828,1.07938,1.07827,1.07925,1947,0,0,0.0009700000000001374
568,1720065600,1.07925,1.0795,1.07836,1.07865,3190,0,0,-0.0005999999999999339
569,1720080000,1.07865,1.08031,1.0784799999999999,1.08018,7384,0,0,0.0015299999999998093
570,1720094400,1.08017,1.0803,1.07939,1.07971,6109,0,0,-0.000460000000000127
571,1720108800,1.07971,1.08139,1.07948,1.08122,5330,0,0,0.0015100000000001224
572,1720123200,1.08122,1.08138,1.08107,1.08117,1194,0,0,-5.0000000000105516e-05
573,1720137600,1.08112,1.08179,1.08095,1.08148,2308,0,0,0.00035999999999991594
574,1720152000,1.08147,1.08245,1.08138,1.0822,3327,0,0,0.0007300000000001194
575,1720166400,1.0822,1.08305,1.08164,1.08281,6793,0,0,0.0006099999999999994
576,1720180800,1.08281,1.08422,1.07986,1.08295,14039,0,0,0.000140000000000029
577,1720195200,1.08295,1.08342,1.08107,1.08255,19349,0,0,-0.000400000000000178
578,1720209600,1.08255,1.08427,1.08249,1.08391,4481,0,0,0.0013600000000000279
579,1720396800,1.0802100000000001,1.08329,1.08016,1.08216,5093,0,0,0.0019499999999998963
580,1720411200,1.08216,1.08363,1.08201,1.08287,4058,0,0,0.0007099999999999884
581,1720425600,1.08287,1.0843,1.08146,1.08385,10988,0,0,0.0009799999999999809
582,1720440000,1.08385,1.08445,1.08236,1.08437,9045,0,0,0.000520000000000076
583,1720454400,1.08442,1.08451,1.08286,1.08324,10118,0,0,-0.0011799999999999589
584,1720468800,1.08324,1.08336,1.08223,1.08243,3031,0,0,-0.0008099999999999774
585,1720483200,1.08237,1.08334,1.08235,1.0827,1717,0,0,0.00032999999999994145
586,1720497600,1.08271,1.08312,1.08192,1.08296,3178,0,0,0.00024999999999986144
587,1720512000,1.08296,1.08307,1.08152,1.08224,6605,0,0,-0.0007199999999998319
588,1720526400,1.08224,1.08283,1.0812,1.08157,7379,0,0,-0.0006700000000001705
589,1720540800,1.08159,1.08283,1.08059,1.08099,11331,0,0,-0.000600000000000156
590,1720555200,1.08099,1.08165,1.0806499999999999,1.08134,5150,0,0,0.0003500000000000725
591,1720569600,1.08132,1.08167,1.08112,1.08122,1837,0,0,-9.999999999998899e-05
592,1720584000,1.08121,1.0821,1.08108,1.08185,3521,0,0,0.0006399999999999739
593,1720598400,1.08185,1.08249,1.08119,1.08153,6816,0,0,-0.00031999999999987594
594,1720612800,1.08153,1.08282,1.08134,1.0827,7444,0,0,0.0011699999999998933
595,1720627200,1.0827,1.08288,1.08199,1.0827,10602,0,0,0.0
596,1720641600,1.08269,1.08305,1.08174,1.08298,3966,0,0,0.0002900000000001235
597,1720656000,1.0825,1.08368,1.0825,1.08352,1723,0,0,0.0010200000000000209
598,1720670400,1.08352,1.08402,1.08325,1.08364,2186,0,0,0.00011999999999989797
599,1720684800,1.08364,1.08478,1.08322,1.08473,6073,0,0,0.0010900000000000354
600,1720699200,1.08473,1.08999,1.08432,1.08869,17815,0,0,0.0039599999999999635
601,1720713600,1.08869,1.08991,1.0864,1.08669,32005,0,0,-0.0020000000000000018
602,1720728000,1.08669,1.08699,1.08598,1.08677,8016,0,0,8.000000000008001e-05
603,1720742400,1.08643,1.08746,1.08641,1.08698,5062,0,0,0.0005500000000000504
604,1720756800,1.08698,1.08721,1.08635,1.08697,4267,0,0,-1.0000000000065512e-05
605,1720771200,1.08697,1.08872,1.08618,1.08867,7825,0,0,0.0017000000000000348
606,1720785600,1.08867,1.0893,1.08688,1.08904,14246,0,0,0.00036999999999998145
607,1720800000,1.08906,1.09111,1.08869,1.09046,20221,0,0,0.0014000000000000679
608,1720814400,1.09046,1.09113,1.0901,1.09049,4909,0,0,2.999999999997449e-05
609,1721001600,1.08837,1.08943,1.08825,1.08883,4879,0,0,0.00045999999999990493
610,1721016000,1.08883,1.08958,1.08861,1.08937,4108,0,0,0.0005399999999999849
611,1721030400,1.08936,1.09093,1.08838,1.09083,9452,0,0,0.0014699999999998603
612,1721044800,1.09084,1.09203,1.09021,1.09073,11286,0,0,-0.0001100000000000545
613,1721059200,1.09074,1.09224,1.08999,1.09062,15449,0,0,-0.00012000000000012001
614,1721073600,1.09062,1.09063,1.08933,1.08943,8866,0,0,-0.0011900000000000244
615,1721088000,1.08921,1.08986,1.0891,1.08913,3669,0,0,-8.000000000008001e-05
616,1721102400,1.08913,1.08945,1.08886,1.08925,3793,0,0,0.00012000000000012001
617,1721116800,1.08925,1.09028,1.08836,1.09002,8895,0,0,0.0007699999999999374
618,1721131200,1.09002,1.09055,1.08756,1.08807,14078,0,0,-0.0019499999999998963
619,1721145600,1.08807,1.0889,1.08716,1.08888,13220,0,0,0.0008099999999999774
620,1721160000,1.08888,1.09028,1.08877,1.08985,3890,0,0,0.0009699999999999154
621,1721174400,1.08991,1.0903,1.08958,1.08976,3108,0,0,-0.00014999999999987246
622,1721188800,1.08977,1.09069,1.08956,1.0903,3614,0,0,0.0005300000000001415
623,1721203200,1.0903,1.09438,1.08951,1.09417,13806,0,0,0.00387000000000004
624,1721217600,1.09417,1.09451,1.09289,1.09425,13971,0,0,7.999999999985796e-05
625,1721232000,1.09424,1.0948,1.09237,1.09297,17167,0,0,-0.0012700000000001044
626,1721246400,1.09297,1.09401,1.09282,1.09395,5660,0,0,0.0009799999999999809
627,1721260800,1.09373,1.0941,1.09366,1.0937000000000001,3338,0,0,-2.999999999997449e-05
628,1721275200,1.0937000000000001,1.09391,1.09317,1.09335,5024,0,0,-0.0003500000000000725
629,1721289600,1.09335,1.09388,1.09262,1.09306,9576,0,0,-0.0002900000000001235
630,1721304000,1.09306,1.0937000000000001,1.09238,1.09285,10269,0,0,-0.00020999999999982144
631,1721318400,1.09285,1.09291,1.0905,1.0916,18250,0,0,-0.0012500000000001954
632,1721332800,1.0916,1.09164,1.08936,1.08957,7717,0,0,-0.0020299999999999763
633,1721347200,1.0896,1.09017,1.08908,1.0892,3270,0,0,-0.00039999999999995595
634,1721361600,1.0892,1.08947,1.08862,1.0887,4336,0,0,-0.0004999999999999449
635,1721376000,1.0887,1.08905,1.08761,1.0879,11339,0,0,-0.0007999999999999119
636,1721390400,1.0879,1.08942,1.08775,1.0889,9807,0,0,0.0009999999999998899
637,1721404800,1.08889,1.08911,1.08793,1.0885,12754,0,0,-0.00038999999999989043
638,1721419200,1.08849,1.08854,1.08757,1.08818,5830,0,0,-0.00031000000000003247
639,1721606400,1.08815,1.09027,1.08815,1.08939,4600,0,0,0.0012400000000001299
640,1721620800,1.08939,1.08954,1.08846,1.08874,4815,0,0,-0.0006500000000000394
641,1721635200,1.08875,1.08925,1.08788,1.0888,10299,0,0,4.999999999988347e-05
642,1721649600,1.0888,1.08954,1.08752,1.08782,7397,0,0,-0.0009799999999999809
643,1721664000,1.08781,1.08869,1.08731,1.08862,10848,0,0,0.0008099999999999774
644,1721678400,1.08864,1.08917,1.08858,1.08903,4276,0,0,0.00038999999999989043
645,1721692800,1.08869,1.08925,1.08863,1.08897,2826,0,0,0.000280000000000058
646,1721707200,1.08897,1.08967,1.08875,1.08908,3488,0,0,0.0001100000000000545
647,1721721600,1.08908,1.08913,1.0868,1.08778,8063,0,0,-0.0013000000000000789
648,1721736000,1.08778,1.08783,1.08548,1.0856,10301,0,0,-0.0021800000000000708
649,1721750400,1.0856,1.08579,1.08439,1.08534,11096,0,0,-0.00025999999999992696
650,1721764800,1.08533,1.08564,1.0849199999999999,1.08528,4418,0,0,-4.999999999988347e-05
651,1721779200,1.0853,1.08544,1.08457,1.08468,2517,0,0,-0.0006199999999998429
652,1721793600,1.08467,1.08503,1.08417,1.08468,5054,0,0,1.0000000000065512e-05
653,1721808000,1.08469,1.08538,1.08257,1.0835,11643,0,0,-0.0011900000000000244
654,1721822400,1.0835,1.08593,1.08324,1.08582,9125,0,0,0.0023200000000000998
655,1721836800,1.08582,1.0866500000000001,1.08475,1.08509,16464,0,0,-0.0007299999999998974
656,1721851200,1.0851,1.08549,1.08359,1.0839,7209,0,0,-0.0011999999999998678
657,1721865600,1.0838700000000001,1.0842,1.08349,1.08394,3378,0,0,6.999999999979245e-05
658,1721880000,1.08395,1.08439,1.08363,1.08399,6164,0,0,4.0000000000040004e-05
659,1721894400,1.08399,1.08577,1.08282,1.08461,13370,0,0,0.0006200000000000649
660,1721908800,1.08461,1.08589,1.08361,1.08497,16208,0,0,0.00035999999999991594
661,1721923200,1.08496,1.08647,1.08302,1.0862,20654,0,0,0.0012400000000001299
662,1721937600,1.0862,1.08699,1.08434,1.08449,8128,0,0,-0.0017100000000001003
663,1721952000,1.08455,1.08555,1.08435,1.08539,3236,0,0,0.0008400000000001739
664,1721966400,1.08539,1.08605,1.0852,1.08584,4147,0,0,0.0004499999999998394
665,1721980800,1.08584,1.08607,1.08421,1.08515,8223,0,0,-0.0006899999999998574
666,1721995200,1.08515,1.08654,1.08486,1.08605,10839,0,0,0.0008999999999999009
667,1722009600,1.08605,1.08682,1.08515,1.08654,15073,0,0,0.0004900000000001015
668,1722024000,1.08653,1.08655,1.08549,1.08554,6231,0,0,-0.0009900000000000464
669,1722211200,1.08564,1.0866500000000001,1.08508,1.08634,3960,0,0,0.000700000000000145
670,1722225600,1.08635,1.087,1.08583,1.0859,4608,0,0,-0.0004499999999998394
671,1722240000,1.0859,1.0863,1.08317,1.08321,9578,0,0,-0.002690000000000081
672,1722254400,1.08322,1.0842,1.0815,1.0816,9184,0,0,-0.0016200000000001769
673,1722268800,1.0816,1.08239,1.08028,1.08215,11027,0,0,0.0005500000000000504
674,1722283200,1.08215,1.08259,1.08194,1.0821,4773,0,0,-4.999999999988347e-05
675,1722297600,1.08209,1.08236,1.08153,1.08171,2348,0,0,-0.00038000000000004697
676,1722312000,1.08171,1.08252,1.0814300000000001,1.0824,3602,0,0,0.0006900000000000794
677,1722326400,1.08239,1.08346,1.08161,1.08283,8650,0,0,0.00043999999999999595
678,1722340800,1.08282,1.08357,1.08016,1.08019,7745,0,0,-0.00262999999999991
679,1722355200,1.08019,1.08166,1.07982,1.08137,16368,0,0,0.0011799999999999589
680,1722369600,1.08137,1.08176,1.08084,1.0814,6610,0,0,2.999999999997449e-05
681,1722384000,1.08136,1.08201,1.08124,1.08199,3165,0,0,0.0006299999999999084
682,1722398400,1.08199,1.08303,1.08166,1.08255,8570,0,0,0.0005599999999998939
683,1722412800,1.08256,1.08276,1.0806499999999999,1.08228,15393,0,0,-0.000280000000000058
684,1722427200,1.08228,1.08483,1.08221,1.08408,12576,0,0,0.0018000000000000238
685,1722441600,1.08409,1.08494,1.08042,1.08093,19173,0,0,-0.0031600000000000517
686,1722456000,1.08092,1.08329,1.0802,1.08258,21434,0,0,0.0016599999999999948
687,1722470400,1.08232,1.0831,1.08218,1.08277,3479,0,0,0.00045000000000006146
688,1722484800,1.08276,1.08354,1.08242,1.08269,7004,0,0,-7.00000000000145e-05
689,1722499200,1.08268,1.08297,1.07812,1.07843,14121,0,0,-0.004250000000000087
690,1722513600,1.07844,1.08084,1.07775,1.07965,14199,0,0,0.0012099999999999334
691,1722528000,1.07965,1.08183,1.07802,1.07862,25443,0,0,-0.0010300000000000864
692,1722542400,1.07862,1.07955,1.07825,1.07912,10920,0,0,0.000500000000000167
693,1722556800,1.07904,1.07932,1.07818,1.0791,4595,0,0,5.999999999994898e-05
694,1722571200,1.0790899999999999,1.07987,1.07846,1.07976,5828,0,0,0.0006700000000001705
695,1722585600,1.07976,1.08153,1.07861,1.08145,15911,0,0,0.0016899999999999693
696,1722600000,1.08145,1.08971,1.08145,1.08911,22775,0,0,0.00766
697,1722614400,1.08911,1.09266,1.08844,1.0912,39034,0,0,0.0020899999999999253
698,1722628800,1.09121,1.09166,1.09072,1.09106,11406,0,0,-0.0001500000000000945
699,1722816000,1.09199,1.09228,1.09029,1.09166,9907,0,0,-0.00032999999999994145
700,1722830400,1.09166,1.09396,1.0912,1.09324,17396,0,0,0.0015799999999999148
701,1722844800,1.09324,1.0975,1.08926,1.09509,53013,0,0,0.0018499999999999073
702,1722859200,1.09508,1.1009,1.0933,1.09911,33117,0,0,0.004029999999999978
703,1722873600,1.09911,1.10033,1.09477,1.09598,52250,0,0,-0.003130000000000077
704,1722888000,1.09598,1.09643,1.09473,1.09506,14374,0,0,-0.0009200000000000319
705,1722902400,1.09472,1.0963,1.09437,1.09627,9880,0,0,0.0015500000000001624
706,1722916800,1.09627,1.0963,1.09496,1.09519,11035,0,0,-0.0010799999999999699
707,1722931200,1.0952,1.0955,1.09185,1.09277,25888,0,0,-0.002429999999999932
708,1722945600,1.09277,1.09278,1.09037,1.09052,20038,0,0,-0.0022500000000000853
709,1722960000,1.09052,1.09349,1.09052,1.09278,26533,0,0,0.0022600000000001508
710,1722974400,1.09278,1.09336,1.09226,1.09307,11630,0,0,0.00028999999999990145
711,1722988800,1.09278,1.0931899999999999,1.09232,1.09296,5479,0,0,0.00017999999999984695
712,1723003200,1.09296,1.09304,1.0911,1.09116,10709,0,0,-0.0018000000000000238
713,1723017600,1.09116,1.0928,1.09054,1.09188,16298,0,0,0.0007200000000000539
714,1723032000,1.09188,1.09266,1.09084,1.09219,13572,0,0,0.00031000000000003247
715,1723046400,1.09219,1.09366,1.09124,1.09221,15828,0,0,1.999999999990898e-05
716,1723060800,1.09221,1.09271,1.09175,1.09233,12704,0,0,0.00012000000000012001
717,1723075200,1.09172,1.09338,1.09172,1.09282,5875,0,0,0.0010999999999998789
718,1723089600,1.09281,1.09377,1.09235,1.09315,7494,0,0,0.00034000000000000696
719,1723104000,1.0931899999999999,1.09451,1.09299,1.0937000000000001,13182,0,0,0.0005100000000002325
720,1723118400,1.09369,1.09396,1.08916,1.08975,15292,0,0,-0.003940000000000055
721,1723132800,1.08976,1.09146,1.08815,1.09087,21707,0,0,0.0011099999999999444
722,1723147200,1.09087,1.09191,1.09073,1.09184,8648,0,0,0.0009699999999999154
723,1723161600,1.0911,1.09194,1.09108,1.0913,3308,0,0,0.00019999999999997797
724,1723176000,1.0913,1.09244,1.09119,1.09201,4887,0,0,0.0007099999999999884
725,1723190400,1.09201,1.09292,1.09131,1.09176,9547,0,0,-0.00024999999999986144
726,1723204800,1.09176,1.09259,1.09091,1.09117,8931,0,0,-0.0005900000000000905
727,1723219200,1.09117,1.09313,1.09098,1.09186,11150,0,0,0.0006900000000000794
728,1723233600,1.09186,1.09235,1.09146,1.09158,6370,0,0,-0.000280000000000058
729,1723420800,1.09152,1.09198,1.09099,1.09183,3095,0,0,0.00031000000000003247
730,1723435200,1.09182,1.0923,1.09128,1.09191,2792,0,0,8.999999999992347e-05
731,1723449600,1.09191,1.09285,1.09158,1.09208,7061,0,0,0.00017000000000000348
732,1723464000,1.09208,1.09299,1.09175,1.09199,6867,0,0,-8.999999999992347e-05
733,1723478400,1.09199,1.09394,1.09152,1.09228,13075,0,0,0.00028999999999990145
734,1723492800,1.09228,1.09349,1.09221,1.09318,4523,0,0,0.0009000000000001229
735,1723507200,1.09295,1.09363,1.09282,1.093,2107,0,0,4.999999999988347e-05
736,1723521600,1.093,1.09393,1.09293,1.09393,2687,0,0,0.0009300000000000974
737,1723536000,1.09392,1.09412,1.09206,1.09234,7379,0,0,-0.0015799999999999148
738,1723550400,1.09232,1.09467,1.0913599999999999,1.09409,11342,0,0,0.0017700000000000493
739,1723564800,1.09409,1.09739,1.09381,1.09723,15321,0,0,0.0031399999999999206
740,1723579200,1.09724,1.09997,1.09698,1.09924,8804,0,0,0.0020000000000000018
741,1723593600,1.09904,1.09984,1.09821,1.0992,4104,0,0,0.00015999999999993797
742,1723608000,1.0992,1.09967,1.09887,1.09928,4759,0,0,8.000000000008001e-05
743,1723622400,1.09929,1.10199,1.09864,1.10192,8904,0,0,0.00262999999999991
744,1723636800,1.10192,1.10354,1.1004,1.10169,13879,0,0,-0.00022999999999995246
745,1723651200,1.10169,1.10473,1.10155,1.10183,15805,0,0,0.000140000000000029
746,1723665600,1.10183,1.10184,1.10109,1.10122,4916,0,0,-0.0006099999999999994
747,1723680000,1.10113,1.10154,1.10093,1.10097,2354,0,0,-0.00015999999999993797
748,1723694400,1.10097,1.10121,1.10033,1.10117,3715,0,0,0.00019999999999997797
749,1723708800,1.10117,1.10155,1.10052,1.10061,5864,0,0,-0.0005599999999998939
750,1723723200,1.10061,1.10142,1.09518,1.09564,11070,0,0,-0.004970000000000141
751,1723737600,1.09564,1.09895,1.09496,1.09779,17570,0,0,0.0021500000000000963
752,1723752000,1.09779,1.09799,1.09704,1.09709,4526,0,0,-0.000700000000000145
753,1723766400,1.097,1.0977,1.09699,1.09757,2242,0,0,0.0005699999999999594
754,1723780800,1.09758,1.09826,1.09743,1.0982,2943,0,0,0.0006200000000000649
755,1723795200,1.0982,1.09897,1.09768,1.09809,6496,0,0,-0.0001100000000000545
756,1723809600,1.09809,1.0995,1.09787,1.09938,7643,0,0,0.0012900000000000134
757,1723824000,1.09938,1.10045,1.09827,1.10037,11182,0,0,0.0009900000000000464
758,1723838400,1.10037,1.10293,1.10037,1.10265,5511,0,0,0.0022799999999998377
759,1724025600,1.10265,1.1036,1.10196,1.10303,4068,0,0,0.00038000000000004697
760,1724040000,1.10303,1.10417,1.10276,1.10396,4640,0,0,0.0009300000000000974
761,1724054400,1.10396,1.10505,1.10356,1.10371,9350,0,0,-0.0002500000000000835
762,1724068800,1.10371,1.10443,1.10309,1.10389,7760,0,0,0.000180000000000069
763,1724083200,1.10389,1.1074,1.10302,1.10736,14081,0,0,0.003469999999999862
764,1724097600,1.10736,1.10863,1.10704,1.10849,5259,0,0,0.0011300000000000754
765,1724112000,1.10812,1.10875,1.108,1.1082,3309,0,0,8.000000000008001e-05
766,1724126400,1.1082,1.10871,1.10749,1.10769,5796,0,0,-0.0005100000000000104
767,1724140800,1.10769,1.10888,1.10719,1.10797,9548,0,0,0.00027999999999983594
768,1724155200,1.10796,1.10986,1.10749,1.10983,9440,0,0,0.0018700000000000383
769,1724169600,1.10983,1.11191,1.10926,1.11149,18888,0,0,0.0016599999999999948
770,1724184000,1.11149,1.11305,1.11088,1.11287,6755,0,0,0.0013799999999999368
771,1724198400,1.1126,1.11326,1.11231,1.11277,4208,0,0,0.00017000000000000348
772,1724212800,1.11278,1.11281,1.11166,1.11191,5395,0,0,-0.0008700000000001484
773,1724227200,1.11191,1.11288,1.11105,1.11184,9687,0,0,-7.00000000000145e-05
774,1724241600,1.11184,1.113,1.111,1.11249,8525,0,0,0.0006500000000000394
775,1724256000,1.11249,1.11481,1.10989,1.11463,30002,0,0,0.0021400000000000308
776,1724270400,1.11463,1.11741,1.11456,1.11499,7895,0,0,0.00035999999999991594
777,1724284800,1.11484,1.1158,1.11452,1.11475,3939,0,0,-9.000000000014552e-05
778,1724299200,1.11475,1.11491,1.11405,1.1143399999999999,3735,0,0,-0.00041000000000002146
779,1724313600,1.1143399999999999,1.11646,1.11272,1.11425,11456,0,0,-8.999999999992347e-05
780,1724328000,1.11426,1.11461,1.11252,1.11402,11170,0,0,-0.00024000000000001798
781,1724342400,1.11402,1.11415,1.1098,1.11104,18202,0,0,-0.0029799999999999827
782,1724356800,1.11104,1.11134,1.10987,1.1111,5839,0,0,5.999999999994898e-05
783,1724371200,1.11039,1.11224,1.11039,1.11197,3437,0,0,0.0015799999999999148
784,1724385600,1.11198,1.11286,1.11181,1.11277,4303,0,0,0.0007900000000000684
785,1724400000,1.11277,1.11319,1.11124,1.11227,7398,0,0,-0.0004999999999999449
786,1724414400,1.11227,1.11271,1.11109,1.11141,7383,0,0,-0.0008600000000000829
787,1724428800,1.11141,1.1196,1.11055,1.1173899999999999,30856,0,0,0.005979999999999874
788,1724443200,1.1173899999999999,1.12009,1.11731,1.11932,8097,0,0,0.0019300000000002093
789,1724630400,1.11879,1.12016,1.11864,1.11939,5008,0,0,0.000600000000000156
790,1724644800,1.11938,1.12002,1.11818,1.11833,5228,0,0,-0.0010499999999999954
791,1724659200,1.11832,1.11892,1.11758,1.11804,8883,0,0,-0.000280000000000058
792,1724673600,1.11804,1.11828,1.11585,1.11613,10713,0,0,-0.0019099999999998563
793,1724688000,1.11613,1.11789,1.11501,1.11711,15558,0,0,0.0009799999999999809
794,1724702400,1.11711,1.11754,1.11585,1.1160700000000001,6406,0,0,-0.0010399999999999299
795,1724716800,1.11599,1.11669,1.11596,1.1161,2880,0,0,0.0001100000000000545
796,1724731200,1.1161,1.11706,1.11597,1.11683,3340,0,0,0.0007299999999998974
797,1724745600,1.11683,1.1174,1.11614,1.11667,8902,0,0,-0.00015999999999993797
798,1724760000,1.11667,1.11787,1.11502,1.11585,10160,0,0,-0.0008200000000000429
799,1724774400,1.11585,1.11718,1.11525,1.11657,13880,0,0,0.0007200000000000539
800,1724788800,1.11657,1.11905,1.11643,1.11838,5840,0,0,0.0018099999999998673
801,1724803200,1.11797,1.1185,1.11744,1.11797,2685,0,0,0.0
802,1724817600,1.11798,1.11798,1.11581,1.11595,4437,0,0,-0.0020299999999999763
803,1724832000,1.11595,1.1160700000000001,1.11352,1.11413,10871,0,0,-0.0018199999999999328
804,1724846400,1.11413,1.11455,1.1105,1.11119,11773,0,0,-0.0029400000000001647
805,1724860800,1.11119,1.11376,1.11102,1.11147,17122,0,0,0.000280000000000058
806,1724875200,1.11147,1.11199,1.11053,1.11197,7500,0,0,0.0004999999999999449
807,1724889600,1.11159,1.11325,1.11159,1.11314,2529,0,0,0.0015499999999999403
808,1724904000,1.11314,1.11371,1.11273,1.11354,3608,0,0,0.00039999999999995595
809,1724918400,1.11354,1.11399,1.10719,1.10848,15177,0,0,-0.0050600000000000644
810,1724932800,1.10848,1.10999,1.10728,1.1084100000000001,16801,0,0,-6.999999999979245e-05
811,1724947200,1.10842,1.10895,1.10557,1.10816,18731,0,0,-0.00025999999999992696
812,1724961600,1.10816,1.10854,1.10746,1.10777,8225,0,0,-0.0003900000000001125
813,1724976000,1.10748,1.10831,1.10739,1.10806,2411,0,0,0.0005800000000000249
814,1724990400,1.10805,1.10821,1.10698,1.1074,3969,0,0,-0.0006500000000000394
815,1725004800,1.10741,1.1095,1.10735,1.10748,9364,0,0,7.00000000000145e-05
816,1725019200,1.10748,1.10882,1.10577,1.10679,13651,0,0,-0.0006900000000000794
817,1725033600,1.10681,1.10802,1.10439,1.10495,24208,0,0,-0.0018599999999999728
818,1725048000,1.10495,1.10567,1.10473,1.10482,7808,0,0,-0.00013000000000018552
819,1725235200,1.10465,1.10557,1.10416,1.10535,3560,0,0,0.000700000000000145
820,1725249600,1.10535,1.10557,1.10439,1.10484,4246,0,0,-0.0005100000000000104
821,1725264000,1.10484,1.10774,1.10453,1.10674,9204,0,0,0.0019000000000000128
822,1725278400,1.10674,1.10728,1.10584,1.10678,8685,0,0,4.0000000000040004e-05
823,1725292800,1.1068,1.10718,1.10601,1.10658,6452,0,0,-0.000220000000000109
824,1725307200,1.10658,1.10727,1.10658,1.10717,872,0,0,0.0005900000000000905
825,1725321600,1.10667,1.10728,1.1059,1.10605,2528,0,0,-0.0006200000000000649
826,1725336000,1.10606,1.10703,1.10539,1.10542,5226,0,0,-0.0006399999999999739
827,1725350400,1.10541,1.10677,1.1048,1.10486,10854,0,0,-0.0005500000000000504
828,1725364800,1.10486,1.10526,1.10332,1.10479,12103,0,0,-7.00000000000145e-05
829,1725379200,1.10482,1.10682,1.10359,1.10393,21651,0,0,-0.0008899999999998354
830,1725393600,1.10393,1.10443,1.10263,1.10434,5561,0,0,0.00041000000000002146
831,1725408000,1.10381,1.10513,1.10337,1.10482,5016,0,0,0.0010099999999999554
832,1725422400,1.10482,1.10571,1.10475,1.1056300000000001,4848,0,0,0.0008100000000001994
833,1725436800,1.1056300000000001,1.10628,1.10468,1.10517,9909,0,0,-0.000460000000000127
834,1725451200,1.10517,1.10585,1.10399,1.10526,8596,0,0,8.999999999992347e-05
835,1725465600,1.10526,1.10951,1.10499,1.10845,18561,0,0,0.003190000000000026
836,1725480000,1.10845,1.10861,1.10654,1.10828,6259,0,0,-0.00017000000000000348
837,1725494400,1.10821,1.10865,1.10757,1.10792,3513,0,0,-0.00028999999999990145
838,1725508800,1.10791,1.10855,1.10747,1.10769,4563,0,0,-0.00021999999999988695
839,1725523200,1.10769,1.11002,1.10766,1.10989,9510,0,0,0.0021999999999999797
840,1725537600,1.1099,1.11198,1.10871,1.10922,15904,0,0,-0.0006800000000000139
841,1725552000,1.10922,1.11082,1.10763,1.11009,21067,0,0,0.0008699999999999264
842,1725566400,1.11009,1.11132,1.10995,1.11104,6349,0,0,0.0009500000000000064
843,1725580800,1.11086,1.1114600000000001,1.1108,1.11133,2756,0,0,0.00046999999999997044
844,1725595200,1.11133,1.11176,1.11093,1.11159,3217,0,0,0.000260000000000149
845,1725609600,1.11159,1.11209,1.11109,1.11174,8330,0,0,0.00014999999999987246
846,1725624000,1.11174,1.11554,1.10786,1.11209,20473,0,0,0.0003500000000000725
847,1725638400,1.1121,1.11352,1.10656,1.10768,45452,0,0,-0.0044200000000000905
848,1725652800,1.10768,1.10895,1.10695,1.10862,10310,0,0,0.0009399999999999409
849,1725840000,1.10813,1.10911,1.10803,1.10832,4535,0,0,0.00018999999999991246
850,1725854400,1.10832,1.1091,1.10746,1.10757,4881,0,0,-0.0007500000000000284
851,1725868800,1.10757,1.10759,1.10455,1.10477,11133,0,0,-0.0027999999999999137
852,1725883200,1.10477,1.10591,1.10358,1.10396,9928,0,0,-0.0008099999999999774
853,1725897600,1.10396,1.10521,1.10341,1.10487,13168,0,0,0.0009099999999999664
854,1725912000,1.10487,1.10537,1.10337,1.10346,6307,0,0,-0.0014099999999999113
855,1725926400,1.10351,1.10397,1.10284,1.10307,2560,0,0,-0.00043999999999999595
856,1725940800,1.10307,1.10406,1.10306,1.104,2899,0,0,0.0009300000000000974
857,1725955200,1.104,1.10498,1.10336,1.10378,8333,0,0,-0.000220000000000109
858,1725969600,1.10378,1.10438,1.10266,1.10298,9239,0,0,-0.0007999999999999119
859,1725984000,1.10299,1.10349,1.10152,1.10266,13424,0,0,-0.00032999999999994145
860,1725998400,1.10266,1.10279,1.10182,1.10191,5181,0,0,-0.0007500000000000284
861,1726012800,1.10185,1.10238,1.10168,1.10201,2565,0,0,0.00015999999999993797
862,1726027200,1.10201,1.10472,1.10182,1.10466,7019,0,0,0.002650000000000041
863,1726041600,1.10466,1.10519,1.10366,1.10438,9859,0,0,-0.000280000000000058
864,1726056000,1.10438,1.10548,1.10034,1.10163,18406,0,0,-0.002749999999999808
865,1726070400,1.10163,1.10262,1.1002,1.10158,23039,0,0,-5.0000000000105516e-05
866,1726084800,1.10158,1.10266,1.10108,1.10111,8110,0,0,-0.00046999999999997044
867,1726099200,1.1013,1.10156,1.1006,1.10068,2255,0,0,-0.0006199999999998429
868,1726113600,1.10067,1.10169,1.10065,1.10163,3041,0,0,0.0009600000000000719
869,1726128000,1.10163,1.10238,1.10056,1.10155,8236,0,0,-8.000000000008001e-05
870,1726142400,1.10155,1.10327,1.10083,1.1025,15274,0,0,0.0009500000000000064
871,1726156800,1.1025,1.1048,1.10247,1.10461,18263,0,0,0.0021100000000000563
872,1726171200,1.10462,1.1075,1.10425,1.10746,11066,0,0,0.0028400000000001757
873,1726185600,1.10734,1.10874,1.10702,1.10869,3300,0,0,0.0013499999999999623
874,1726200000,1.10869,1.10901,1.10794,1.10844,5582,0,0,-0.00024999999999986144
875,1726214400,1.10844,1.10941,1.10731,1.10928,8775,0,0,0.0008399999999999519
876,1726228800,1.10928,1.11009,1.10793,1.10929,12448,0,0,1.0000000000065512e-05
877,1726243200,1.10929,1.11018,1.10769,1.10839,18121,0,0,-0.0009000000000001229
878,1726257600,1.1084,1.10858,1.10725,1.10746,6470,0,0,-0.0009399999999999409
879,1726444800,1.10753,1.10924,1.10743,1.10896,3167,0,0,0.0014300000000000423
880,1726459200,1.10896,1.1105,1.10868,1.10971,4673,0,0,0.0007500000000000284
881,1726473600,1.10971,1.11261,1.10956,1.11228,9358,0,0,0.002569999999999961
882,1726488000,1.11228,1.1132900000000001,1.1116,1.11249,10982,0,0,0.00021000000000004349
883,1726502400,1.11249,1.11376,1.11166,1.1129,14570,0,0,0.00041000000000002146
884,1726516800,1.1129,1.11333,1.1116,1.11324,6391,0,0,0.00034000000000000696
885,1726531200,1.1132,1.1132,1.11219,1.1123,3115,0,0,-0.0008999999999999009
886,1726545600,1.1123,1.11297,1.11218,1.11244,3733,0,0,0.000140000000000029
887,1726560000,1.11244,1.11462,1.11157,1.11443,8551,0,0,0.0019899999999999363
888,1726574400,1.11443,1.11445,1.11178,1.11248,16080,0,0,-0.0019500000000001183
889,1726588800,1.11248,1.11282,1.11118,1.11194,21143,0,0,-0.0005399999999999849
890,1726603200,1.11194,1.11235,1.11111,1.1114,8591,0,0,-0.0005399999999999849
891,1726617600,1.11132,1.11286,1.11126,1.11269,2244,0,0,0.0013699999999998713
892,1726632000,1.11269,1.11304,1.112,1.11201,3510,0,0,-0.0006800000000000139
893,1726646400,1.11201,1.11333,1.11154,1.11295,9540,0,0,0.0009400000000001629
894,1726660800,1.11295,1.11398,1.11179,1.11223,8205,0,0,-0.0007200000000000539
895,1726675200,1.11224,1.11398,1.11081,1.11243,14371,0,0,0.0001900000000001345
896,1726689600,1.11242,1.11891,1.10967,1.11177,48882,0,0,-0.0006500000000000394
897,1726704000,1.11138,1.11239,1.10789,1.10816,6976,0,0,-0.0032200000000000006
898,1726718400,1.10815,1.11212,1.10684,1.11201,10444,0,0,0.0038599999999999746
899,1726732800,1.11202,1.11691,1.11201,1.11627,17677,0,0,0.004250000000000087
900,1726747200,1.11627,1.11789,1.11256,1.11259,21639,0,0,-0.0036800000000001276
901,1726761600,1.11259,1.11584,1.11165,1.1155599999999999,26341,0,0,0.002969999999999917
902,1726776000,1.1155599999999999,1.11679,1.11523,1.11613,9299,0,0,0.0005700000000001815
903,1726790400,1.11603,1.11634,1.11572,1.11604,2815,0,0,9.999999999843467e-06
904,1726804800,1.11604,1.11692,1.11573,1.1165,6329,0,0,0.000460000000000127
905,1726819200,1.1165,1.11818,1.11524,1.11643,14107,0,0,-7.00000000000145e-05
906,1726833600,1.11644,1.11769,1.11541,1.11744,10929,0,0,0.0009999999999998899
907,1726848000,1.11744,1.11761,1.11361,1.11738,26024,0,0,-5.999999999994898e-05
908,1726862400,1.11738,1.11742,1.11561,1.11628,9693,0,0,-0.001100000000000101
909,1727049600,1.11592,1.11646,1.1156,1.1159,3861,0,0,-2.0000000000131024e-05
910,1727064000,1.1159,1.11651,1.11558,1.11635,3524,0,0,0.00045000000000006146
911,1727078400,1.11635,1.11672,1.10832,1.10925,17554,0,0,-0.007099999999999884
912,1727092800,1.10925,1.11258,1.10922,1.11224,13119,0,0,0.002989999999999826
913,1727107200,1.11225,1.1143399999999999,1.11152,1.1125099999999999,22230,0,0,0.00025999999999992696
914,1727121600,1.1125099999999999,1.11285,1.11097,1.11104,7081,0,0,-0.0014699999999998603
915,1727136000,1.11115,1.11155,1.11044,1.11057,2690,0,0,-0.0005800000000000249
916,1727150400,1.11057,1.11176,1.11033,1.11168,5170,0,0,0.0011099999999999444
917,1727164800,1.11168,1.11449,1.11043,1.11402,13666,0,0,0.0023400000000000087
918,1727179200,1.11402,1.11477,1.11221,1.1141,11415,0,0,8.000000000008001e-05
919,1727193600,1.11409,1.11635,1.11325,1.11585,20062,0,0,0.0017599999999999838
920,1727208000,1.11585,1.11809,1.11546,1.11792,6719,0,0,0.0020700000000000163
921,1727222400,1.11784,1.1194,1.11766,1.11932,3952,0,0,0.0014800000000001479
922,1727236800,1.11932,1.11987,1.11853,1.11957,5820,0,0,0.00024999999999986144
923,1727251200,1.11957,1.11964,1.11822,1.11848,11323,0,0,-0.0010900000000000354
924,1727265600,1.11848,1.1207799999999999,1.11782,1.11976,13067,0,0,0.0012800000000001699
925,1727280000,1.11977,1.1214,1.11328,1.11344,23302,0,0,-0.006329999999999947
926,1727294400,1.11344,1.11388,1.11215,1.11326,8474,0,0,-0.000180000000000069
927,1727308800,1.11299,1.11369,1.11289,1.11365,2385,0,0,0.000660000000000105
928,1727323200,1.11365,1.11452,1.11316,1.11416,4242,0,0,0.0005100000000000104
929,1727337600,1.11416,1.11581,1.11258,1.11413,14126,0,0,-2.999999999997449e-05
930,1727352000,1.11414,1.11655,1.11374,1.1151200000000001,18177,0,0,0.000980000000000203
931,1727366400,1.1151200000000001,1.11893,1.11258,1.11692,27950,0,0,0.0017999999999998018
932,1727380800,1.11692,1.11842,1.11683,1.11765,9451,0,0,0.0007300000000001194
933,1727395200,1.11766,1.11799,1.1168,1.11693,6350,0,0,-0.0007300000000001194
934,1727409600,1.11692,1.11732,1.11624,1.11646,6368,0,0,-0.00045999999999990493
935,1727424000,1.11647,1.11761,1.11248,1.11445,22606,0,0,-0.002020000000000133
936,1727438400,1.11445,1.1201699999999999,1.11372,1.11998,18290,0,0,0.005530000000000035
937,1727452800,1.11998,1.12031,1.11463,1.11516,25792,0,0,-0.0048200000000000465
938,1727467200,1.11516,1.11679,1.11504,1.11589,9011,0,0,0.0007300000000001194
939,1727654400,1.1149499999999999,1.11738,1.1149499999999999,1.11708,3650,0,0,0.0021300000000001873
940,1727668800,1.11708,1.11726,1.11562,1.11616,5580,0,0,-0.0009200000000000319
941,1727683200,1.11616,1.1209,1.11561,1.12055,12514,0,0,0.004389999999999894
942,1727697600,1.12056,1.12057,1.11832,1.11898,12089,0,0,-0.0015799999999999148
943,1727712000,1.11898,1.1191200000000001,1.11349,1.11484,23391,0,0,-0.0041400000000000325
944,1727726400,1.11484,1.11624,1.11135,1.11348,17267,0,0,-0.0013600000000000279
945,1727740800,1.11305,1.11426,1.11272,1.11322,3558,0,0,0.00017000000000000348
946,1727755200,1.11321,1.1143399999999999,1.11313,1.11405,4398,0,0,0.0008399999999999519
947,1727769600,1.11405,1.1144,1.1098,1.11023,15993,0,0,-0.0038199999999999346
948,1727784000,1.1102400000000001,1.1114600000000001,1.10701,1.10711,15353,0,0,-0.003130000000000077
949,1727798400,1.10711,1.10868,1.10483,1.10544,30320,0,0,-0.0016700000000000603
950,1727812800,1.10543,1.10772,1.10458,1.10675,12738,0,0,0.0013199999999999878
951,1727827200,1.10649,1.10722,1.10633,1.10655,2802,0,0,5.999999999994898e-05
952,1727841600,1.10657,1.10739,1.10604,1.1063,5744,0,0,-0.00026999999999999247
953,1727856000,1.1063,1.10829,1.10542,1.10723,12570,0,0,0.0009299999999998754
954,1727870400,1.10722,1.10774,1.1051,1.10534,12594,0,0,-0.0018800000000001038
955,1727884800,1.10535,1.10657,1.10326,1.10466,17574,0,0,-0.0006900000000000794
956,1727899200,1.10466,1.10533,1.10368,1.10451,7039,0,0,-0.00014999999999987246
957,1727913600,1.10477,1.10492,1.10373,1.10391,2943,0,0,-0.0008600000000000829
958,1727928000,1.10391,1.10407,1.1032,1.10328,4077,0,0,-0.0006299999999999084
959,1727942400,1.1033,1.10461,1.10249,1.10376,13824,0,0,0.000460000000000127
960,1727956800,1.10377,1.10467,1.10282,1.10321,14561,0,0,-0.0005599999999998939
961,1727971200,1.1032,1.10438,1.10082,1.10303,26256,0,0,-0.00017000000000000348
962,1727985600,1.10304,1.10361,1.1025,1.10294,7784,0,0,-9.999999999998899e-05
963,1728000000,1.103,1.10395,1.10284,1.10346,2676,0,0,0.000460000000000127
964,1728014400,1.10346,1.10361,1.10252,1.10277,4904,0,0,-0.0006900000000000794
965,1728028800,1.10277,1.10355,1.10211,1.10254,9801,0,0,-0.00022999999999995246
966,1728043200,1.10254,1.10368,1.09591,1.09608,17795,0,0,-0.006460000000000132
967,1728057600,1.09608,1.09817,1.09512,1.09596,22548,0,0,-0.00011999999999989797
968,1728072000,1.09596,1.09778,1.09577,1.09756,6678,0,0,0.0016000000000000458
969,1728259200,1.09633,1.09756,1.09628,1.09699,5110,0,0,0.0006599999999998829
970,1728273600,1.09698,1.09776,1.09683,1.09685,5360,0,0,-0.00012999999999996348
971,1728288000,1.09684,1.09789,1.09581,1.09702,12373,0,0,0.000180000000000069
972,1728302400,1.09702,1.09836,1.09543,1.09773,12156,0,0,0.0007099999999999884
973,1728316800,1.09772,1.09847,1.09695,1.09839,16665,0,0,0.0006699999999999484
974,1728331200,1.09838,1.09868,1.09657,1.09724,7886,0,0,-0.0011399999999999189
975,1728345600,1.09661,1.09839,1.09661,1.09817,3471,0,0,0.0015600000000000058
976,1728360000,1.09817,1.09868,1.09728,1.09855,6747,0,0,0.0003799999999998249
977,1728374400,1.09855,1.09971,1.09786,1.09937,10389,0,0,0.0008200000000000429
978,1728388800,1.09938,1.09947,1.09714,1.09758,9750,0,0,-0.0018000000000000238
979,1728403200,1.0976,1.0984,1.09609,1.09756,13246,0,0,-3.999999999981796e-05
980,1728417600,1.09756,1.09805,1.09657,1.09804,6137,0,0,0.0004799999999998139
981,1728432000,1.0974,1.09809,1.09723,1.09755,3677,0,0,0.0001500000000000945
982,1728446400,1.09755,1.09774,1.0962,1.09632,5744,0,0,-0.0012300000000000644
983,1728460800,1.09636,1.09759,1.09508,1.09577,12240,0,0,-0.0005900000000000905
984,1728475200,1.09577,1.09708,1.09527,1.09567,8285,0,0,-9.999999999998899e-05
985,1728489600,1.09567,1.0959699999999999,1.09395,1.09414,12726,0,0,-0.0015300000000000313
986,1728504000,1.09414,1.09426,1.09361,1.09396,6735,0,0,-0.00017999999999984695
987,1728518400,1.0935,1.09429,1.0935,1.09405,2784,0,0,0.0005500000000000504
988,1728532800,1.09404,1.0946,1.09384,1.09409,5203,0,0,5.0000000000105516e-05
989,1728547200,1.09409,1.09433,1.09282,1.09329,8190,0,0,-0.0007999999999999119
990,1728561600,1.09329,1.09547,1.09055,1.0944,17948,0,0,0.0011099999999999444
991,1728576000,1.0944,1.09498,1.0903100000000001,1.09059,24065,0,0,-0.003810000000000091
992,1728590400,1.09059,1.09376,1.09001,1.09368,11043,0,0,0.003090000000000037
993,1728604800,1.09285,1.09378,1.09285,1.09373,2666,0,0,0.0008799999999999919
994,1728619200,1.09374,1.09407,1.09296,1.09356,3561,0,0,-0.00017999999999984695
995,1728633600,1.09356,1.09537,1.09322,1.09495,6623,0,0,0.0013900000000000023
996,1728648000,1.09495,1.09511,1.0926,1.0933,10732,0,0,-0.0016500000000001513
997,1728662400,1.0933,1.09524,1.0928,1.09448,14475,0,0,0.0011799999999999589
998,1728676800,1.09449,1.09474,1.09324,1.09352,4653,0,0,-0.0009699999999999154
999,1728864000,1.09317,1.0932,1.09312,1.09312,83,0,0,-4.999999999988347e-05
